state,district,coordinates_lat,coordinates_lon,year,month,rainfall_mm,temperature_c,humidity_percent,pH_level,turbidity_ntu,dissolved_solids_mg_per_l,total_coliform_mpn_100ml,je_cases,diarrhea_cases,enteric_fever_cases,vector_density,gi_disorders,skin_allergies,respiratory_issues,mining_proximity,population_density,tribal_population_percent,monsoon_season,outbreak_risk_score,disease_outbreak
Meghalaya,East Jaintia Hills,25.3947,92.2622,2021,1,59.93428306022466,24.59075415240277,63.893885590630525,4.718423885126421,13.82923312638332,753.1726086101639,278.9606407753696,0,29,2,Low,52,29,22,Yes,370,84,0,1.37,1
Meghalaya,West Jaintia Hills,25.4525,92.2053,2021,1,65.34869458305818,27.947923832188803,53.189362454763184,3.480435858004747,16.77775658561216,883.402221932635,241.6230928560578,0,25,4,Low,44,47,23,Yes,149,77,0,1.33,1
Meghalaya,East Khasi Hills,25.5788,91.8933,2021,1,41.06517058053708,23.29199918911319,77.19393306284165,6.103291529563648,0.8216657531762914,195.6103591765165,21.726937065255118,0,4,8,Low,8,9,1,No,161,93,0,0.31,0
Meghalaya,Ri Bhoi,25.9304,92.0789,2021,1,56.48397535105464,28.906065874301454,72.60004316405744,7.028942538500007,1.3157126216341186,332.6845223970014,19.188810458413126,0,11,1,Low,7,2,3,No,207,81,0,0.31,0
Meghalaya,South West Khasi Hills,25.3047,90.9789,2021,1,69.25282579999404,18.903828277013986,63.322460505304015,6.620110927354006,3.724083251525877,274.42353630410577,28.499212040623497,0,5,4,Low,8,5,2,No,323,70,0,0.4,0
Manipur,Imphal West,24.49,93.57,2021,1,10.330136613733359,28.19738112564791,71.46812389831936,5.950620429180645,3.4803285611721635,615.8728523363104,21.15889188358055,0,9,6,Low,10,4,2,No,343,45,0,0.33,0
Manipur,Imphal East,24.5,94.06,2021,1,30.195508496498263,25.188473799199546,63.02215673578473,7.450798182673086,1.8530546070796272,418.06229737402197,19.824052911642177,2,16,5,Low,5,2,3,No,669,41,0,0.28,1
Manipur,Thoubal,24.4,93.59,2021,1,14.027532707054911,24.28121647541857,67.02938838552717,7.804690985343317,2.5379600036919956,673.4422159061742,15.468827150759735,0,7,1,Low,8,6,1,No,765,22,0,0.27,0
Manipur,Bishnupur,24.38,93.46,2021,1,16.742138456983007,25.174626155338,61.22980084756422,6.628514851084689,2.3577873603482833,456.07845263682344,20.415256215876383,0,8,8,Low,5,3,0,No,253,56,0,0.29,1
Manipur,Kakching,24.3,93.59,2021,1,45.80703078052355,25.385653000213242,72.48304112906303,7.474788172531333,0.7291281931239602,638.9035957392463,24.217068791602664,1,8,2,Low,6,4,4,No,275,45,0,0.3,0
Manipur,Churachandpur,24.2,93.41,2021,1,49.00366723779934,26.331458284438686,54.33864427504975,7.587317026714668,1.0730695284219172,394.04746439382,0.0,0,9,2,Low,8,5,5,No,596,31,0,0.22,0
Meghalaya,East Jaintia Hills,25.3947,92.2622,2021,2,29.512247173314204,19.509201920717626,67.24793494188026,3.3335021997141796,12.534995326705836,682.1270486111576,242.48010485105124,0,34,4,Low,36,37,22,Yes,289,74,0,1.23,1
Meghalaya,West Jaintia Hills,25.4525,92.2053,2021,2,65.28956470651423,18.54953951373781,56.11068949804722,4.132475191539316,18.164262186913557,349.16826409647695,77.17034271133028,0,30,1,Low,41,42,37,Yes,495,94,0,0.86,1
Meghalaya,East Khasi Hills,25.5788,91.8933,2021,2,48.46935877296907,23.077270617010154,53.47477808954547,7.706833287939453,3.404582895117525,309.00725869816614,20.82730435800479,0,10,7,Low,14,4,4,No,290,86,0,0.32,1
Meghalaya,Ri Bhoi,25.9304,92.0789,2021,2,51.14825895512742,27.435266533330914,58.24713814073003,6.65682674191704,3.0456078399255953,338.91795761445394,17.325993621166205,0,6,2,Low,7,2,7,No,244,78,0,0.33,0
Meghalaya,South West Khasi Hills,25.3047,90.9789,2021,2,47.923177651400025,19.692385377350387,72.60339070548841,6.350792664325821,3.4919191715065057,167.9766792979358,38.31458765854354,0,14,2,Low,3,9,2,No,253,71,0,0.41,1
Manipur,Imphal West,24.49,93.57,2021,2,49.13194872980431,27.811217560945536,59.2674715148013,6.9153369347256115,2.413712799952074,534.2088504305915,1.9560599515781227,1,11,2,Low,11,2,2,No,382,35,0,0.26,0
Manipur,Imphal East,24.5,94.06,2021,2,20.173720742638828,26.46301982476988,51.1899847612231,7.573684015805901,1.7093076919689567,605.5092608621472,13.403199962331708,0,7,1,Low,4,3,2,No,549,36,0,0.24,0
Manipur,Thoubal,24.4,93.59,2021,2,42.770313969007645,22.79076348322706,55.03709021971559,7.4897522007749275,1.4527201636624787,277.1945980876376,26.870708717002984,0,10,0,Low,8,2,1,No,673,44,0,0.3,0
Manipur,Bishnupur,24.38,93.46,2021,2,25.339136030742093,27.73169236711324,61.74578186024877,7.727665498273208,2.653634261335324,312.60258805149033,14.98352039836323,0,11,2,Low,8,1,1,No,336,22,0,0.27,0
Manipur,Kakching,24.3,93.59,2021,2,0.0,26.170759806949427,65.47713761244135,7.157545583752084,2.2373243847597433,427.3577403138628,11.379991016978506,2,11,2,Low,7,2,1,No,371,21,0,0.24,0
Manipur,Churachandpur,24.2,93.41,2021,2,22.01129546669393,23.269324391430555,68.05034247371552,7.617846056032571,0.8702931453423819,452.9804177915283,22.207843103289502,0,9,6,Low,7,3,2,No,495,27,0,0.27,0
Meghalaya,East Jaintia Hills,25.3947,92.2622,2021,3,9.237509296442923,22.387624236922434,56.935309512660766,3.218789212766953,15.092091895947759,1135.2874624550566,216.34636868820814,0,23,4,Low,43,44,27,Yes,196,74,0,1.17,1
Meghalaya,West Jaintia Hills,25.4525,92.2053,2021,3,45.61798942382271,29.163534644591397,61.02512773861903,4.026964100567803,10.45421191457438,1128.4192342214888,198.05938586399867,0,31,2,Low,35,33,26,Yes,214,88,0,1.05,1
Meghalaya,East Khasi Hills,25.5788,91.8933,2021,3,84.12327946795423,31.545922145865443,69.13612584094368,6.979085922680674,2.8880274794053826,332.64233650707143,15.930557661279186,0,6,1,Low,8,3,2,No,396,91,0,0.36,0
Meghalaya,Ri Bhoi,25.9304,92.0789,2021,3,20.955919130582046,26.513832271206258,59.98064892498019,7.009419706934243,2.610711808272507,176.50556064625866,9.006441751679112,0,5,3,Low,7,5,6,No,469,90,0,0.26,0
Meghalaya,South West Khasi Hills,25.3047,90.9789,2021,3,58.90797648823481,34.829954879196514,65.11369511052958,5.985348694722874,3.1098529469547445,412.96494849723706,14.216860770726992,0,6,8,Low,8,7,4,No,354,77,0,0.34,0
Manipur,Imphal West,24.49,93.57,2021,3,16.3416323289018,29.608964562038377,60.78996622109868,7.450238759710317,0.9467412793550039,364.9318472121213,13.85391974223204,0,14,2,Low,3,0,1,No,281,21,0,0.23,1
Manipur,Imphal East,24.5,94.06,2021,3,33.40892113701852,33.015306486898965,65.98384347249532,6.946281357046009,1.670669001680198,390.31739626065894,12.622347279178253,1,14,3,Low,10,4,3,No,352,57,0,0.27,1
Manipur,Thoubal,24.4,93.59,2021,3,45.235304175952265,31.580812237895373,56.246818238440525,8.010266722582939,3.570494635261139,299.6242108436629,17.551481947911615,1,9,0,Low,6,3,4,No,747,39,0,0.31,0
Manipur,Bishnupur,24.38,93.46,2021,3,34.2533710591637,31.123755328352935,57.75507187068148,6.675585832959162,0.0,364.91346930264604,9.770436655714509,1,10,1,Low,3,5,8,No,770,45,0,0.23,0
Manipur,Kakching,24.3,93.59,2021,3,3.291649751842762,28.852550947625726,61.159499318249445,7.251738882656593,1.4655933139766315,204.75131269893177,13.6025046709998,0,12,1,Low,9,4,4,No,692,21,0,0.23,0
Manipur,Churachandpur,24.2,93.41,2021,3,40.700993853081684,33.66951285177437,60.37613770498996,6.858284104934938,1.4901424225000253,151.53884209141856,19.59913755073832,2,9,1,Low,4,0,3,No,339,56,0,0.29,0
Meghalaya,East Jaintia Hills,25.3947,92.2622,2021,4,56.277239269402685,27.358033467323473,72.87457918781267,3.4604290322780535,18.37409746083302,575.4555956875403,219.12048730920253,0,25,2,Low,59,37,21,Yes,146,92,0,1.3,1
Meghalaya,West Jaintia Hills,25.4525,92.2053,2021,4,78.4100849597971,25.502933280687316,60.43402965000419,3.8771324451091234,12.238884778595143,926.5863635511022,210.14615104256498,0,33,1,Low,47,31,31,Yes,137,77,0,1.16,1
Meghalaya,East Khasi Hills,25.5788,91.8933,2021,4,19.68511770005536,28.3063867626131,63.11634622236245,7.075533872737954,3.038877607922947,304.327169474429,30.304734204358297,0,8,3,Low,15,7,2,No,357,83,0,0.33,0
Meghalaya,Ri Bhoi,25.9304,92.0789,2021,4,33.7844816021403,29.957604081278436,71.89810419837504,5.853727007348018,2.7168909987647463,211.79726587925717,16.09061430334775,0,8,4,Low,14,6,3,No,325,73,0,0.32,0
Meghalaya,South West Khasi Hills,25.3047,90.9789,2021,4,36.59136865907481,21.403582130139753,53.415888796670046,7.020007225026666,2.4979457756473886,197.87671828692868,27.083564472993533,0,5,5,Low,5,6,4,No,178,83,0,0.32,0
Manipur,Imphal West,24.49,93.57,2021,4,24.44685865780125,28.050080364409588,60.18646080708696,7.668611810767425,1.8383742545375288,265.87253289817136,7.869372336653515,0,7,5,Low,12,1,1,No,441,52,0,0.24,0
Manipur,Imphal East,24.5,94.06,2021,4,39.09247635917184,30.11298069950381,52.98945065620655,7.065406934159306,1.913861554516636,382.0988032882515,11.340614571848914,0,11,2,Low,5,7,4,No,213,30,0,0.26,0
Manipur,Thoubal,24.4,93.59,2021,4,39.75422362439554,29.10508951634566,72.53882401567527,8.281828249612369,0.4424172141382663,505.4363548387204,23.35760117702705,1,8,1,Low,9,5,0,No,711,55,0,0.27,0
Manipur,Bishnupur,24.38,93.46,2021,4,26.939541285284093,28.281694726354424,46.93638175566413,7.600249120882986,2.179274604426684,453.28598928134585,8.730958831033714,1,6,2,Low,10,4,1,No,500,42,0,0.24,0
Manipur,Kakching,24.3,93.59,2021,4,6.661520242651566,23.714527431960043,57.82083223600153,7.327086946123101,1.7407495574197744,523.3686921376036,18.244621052534978,1,6,7,Low,5,3,1,No,689,39,0,0.25,0
Manipur,Churachandpur,24.2,93.41,2021,4,9.120054942179848,31.03946542769398,67.33062139761985,7.699005054929827,0.0,608.8374704780728,14.30205185922413,0,12,3,Low,11,5,1,No,419,21,0,0.21,0
Meghalaya,East Jaintia Hills,25.3947,92.2622,2021,5,48.717233068140146,28.96407164635082,67.63009928242785,3.837536603388228,23.068556345293235,890.7068603027959,187.79216823546756,0,36,1,Low,41,41,30,Yes,242,70,0,1.29,1
Meghalaya,West Jaintia Hills,25.4525,92.2053,2021,5,69.28174336576714,23.068777853235826,54.77581933250899,2.7918692008001216,22.76280907744821,489.45458643679245,184.8232007211401,0,29,3,Low,42,24,27,Yes,253,94,0,1.29,1
Meghalaya,East Khasi Hills,25.5788,91.8933,2021,5,22.20855066472808,31.06771129602892,51.836810024344864,8.019876203169636,4.384272818510518,356.390912005236,25.94754341665286,0,7,4,Low,17,1,4,No,231,94,0,0.33,0
Meghalaya,Ri Bhoi,25.9304,92.0789,2021,5,67.06831117560615,28.18949637792152,56.53088520482335,6.964657892575888,3.3948257444077012,241.87648269171677,11.044905978549021,0,11,5,Low,13,5,1,No,341,74,0,0.33,1
Meghalaya,South West Khasi Hills,25.3047,90.9789,2021,5,60.48725494505821,26.93767707565604,59.1207166841776,7.026768916872587,4.224584437626143,462.33965622990456,4.630520399736795,0,6,2,Low,9,6,3,No,295,82,0,0.32,0
Manipur,Imphal West,24.49,93.57,2021,5,34.016268365466935,30.10037631297691,53.92767642233081,6.889090849746805,2.7013730648392227,503.10629139880535,15.542713380142192,1,8,6,Low,7,5,1,No,716,39,0,0.29,0
Manipur,Imphal East,24.5,94.06,2021,5,31.094951339600364,30.22556126281856,66.24062543773266,7.813525029985076,1.2508207593708698,422.5342753689067,12.362653381930718,2,8,2,Low,11,6,0,No,604,54,0,0.25,0
Manipur,Thoubal,24.4,93.59,2021,5,35.42514878135483,27.304596054626888,64.29207874856323,7.214090578684564,1.9908810033557964,508.5895565831578,17.373491164399763,0,10,3,Low,3,4,2,No,646,25,0,0.29,0
Manipur,Bishnupur,24.38,93.46,2021,5,5.153507022432745,33.43196375760649,70.05149073876152,6.192200281668451,1.4373997183463076,339.8416318585724,23.197443297087514,1,9,2,Low,7,6,2,No,797,24,0,0.29,0
Manipur,Kakching,24.3,93.59,2021,5,28.510609349375155,29.477058884895754,59.7608762087816,7.0042175968350975,1.9848068712300106,486.3100226170631,11.017799094702102,0,10,0,Low,9,2,2,No,635,48,0,0.26,0
Manipur,Churachandpur,24.2,93.41,2021,5,52.06755491240413,27.992781784020252,58.32541058278507,7.719952343698038,1.394384460263136,582.6009713546937,18.389629356696346,0,15,5,Low,6,2,0,No,347,40,0,0.28,1
Meghalaya,East Jaintia Hills,25.3947,92.2622,2021,6,260.9670873483438,18.184342250722196,81.15442388278805,2.6386712523805365,6.106845833950983,1051.0396968906505,418.84160082974284,0,65,2,Low,32,25,27,Yes,354,87,1,1.98,1
Meghalaya,West Jaintia Hills,25.4525,92.2053,2021,6,237.51836565880876,21.968217739880178,83.1474684915524,3.4462531354704664,19.158141538322344,794.4658664811477,636.3633443675385,0,77,1,Low,37,26,17,Yes,312,81,1,2.86,1
Meghalaya,East Khasi Hills,25.5788,91.8933,2021,6,333.70876544392013,24.50631078697422,86.05235270765242,6.1297234099980855,3.9130002202742995,330.41261706698094,45.31796959627697,0,35,2,Low,7,9,1,No,228,81,1,0.85,1
Meghalaya,Ri Bhoi,25.9304,92.0789,2021,6,283.278139417118,23.258429650585832,80.7473977289535,7.094289202210304,4.669904504351406,339.4671529822981,16.082338759296313,0,22,5,Low,9,1,1,No,458,90,1,0.7,1
Meghalaya,South West Khasi Hills,25.3047,90.9789,2021,6,335.56821345761125,21.45765381204898,82.9190299863493,7.290242499760286,2.744118642329468,479.2155910760632,41.62200488080043,0,25,3,Low,5,4,0,No,350,84,1,0.79,1
Manipur,Imphal West,24.49,93.57,2021,6,188.5487905402477,30.442067391050706,89.27046283167094,7.491048851734308,4.547031802300336,304.056076327652,72.55586447857894,3,22,6,High,8,5,1,No,742,39,1,0.78,1
Manipur,Imphal East,24.5,94.06,2021,6,315.32491718225117,28.243010022803432,81.76741452974333,6.711812364358314,3.215088321286193,435.50224544215166,75.57773809422997,3,29,4,High,9,4,1,No,504,38,1,0.89,1
Manipur,Thoubal,24.4,93.59,2021,6,268.4238709942146,26.35376387730384,79.3429854698888,7.117910294189747,5.93999652152634,591.4712305997992,100.24135729407716,5,19,7,High,9,2,3,No,646,21,1,0.97,1
Manipur,Bishnupur,24.38,93.46,2021,6,112.95112855105958,26.52828310135433,79.69478287265002,7.241673535496622,6.762569562865537,302.65532586005236,79.89205247276931,5,25,13,High,7,2,5,No,468,53,1,0.76,1
Manipur,Kakching,24.3,93.59,2021,6,178.65932305719792,28.065448983081414,78.72374028948873,7.06654264399284,8.585845182661746,422.39552780897344,63.89256345899312,2,28,10,High,9,4,1,No,653,28,1,0.82,1
Manipur,Churachandpur,24.2,93.41,2021,6,285.78654037364026,27.24382779803333,84.33923471515648,6.90244910292264,2.5750459507041805,545.7955233565691,69.68671932315577,1,30,3,High,5,3,1,No,282,22,1,0.83,1
Meghalaya,East Jaintia Hills,25.3947,92.2622,2021,7,359.1048384710002,22.193683893866215,88.07683742006526,4.368785692940026,12.32018277442976,961.611559656229,436.72873134013406,0,85,6,Low,34,31,22,Yes,161,86,1,2.24,1
Meghalaya,West Jaintia Hills,25.4525,92.2053,2021,7,447.0546941436098,19.923643334328343,82.20945321147022,4.1818810855155775,11.577408938915154,1172.1368891741076,485.9310097693445,0,92,1,Low,40,35,25,Yes,442,84,1,2.46,1
Meghalaya,East Khasi Hills,25.5788,91.8933,2021,7,210.36618720707065,22.0400830460813,84.45031142314909,6.565708534044992,4.432170143524633,272.84755245086177,68.03131475030654,0,17,4,Low,6,7,1,No,148,83,1,0.79,1
Meghalaya,Ri Bhoi,25.9304,92.0789,2021,7,388.7243238345269,27.32633641228928,82.57516481250515,5.6078216623218555,1.5588673801433972,250.76489878604391,13.141912034607834,0,30,1,Low,3,6,1,No,257,82,1,0.76,1
Meghalaya,South West Khasi Hills,25.3047,90.9789,2021,7,269.8403872666371,28.229115985723542,87.87889891333226,7.096175960554087,2.3297499782737625,326.7406982355464,62.64069972590072,0,27,5,Low,15,8,1,No,376,91,1,0.79,1
Manipur,Imphal West,24.49,93.57,2021,7,381.9458908334022,30.167212159660373,78.52011578297133,7.240531435346829,3.3900186781394237,426.23623803236626,101.02388021972081,7,23,8,High,5,2,3,No,633,24,1,1.03,1
Manipur,Imphal East,24.5,94.06,2021,7,183.11513756050664,27.77142408879623,80.4883792778014,7.121351287399548,4.702944895276734,473.63894701845976,47.85280685994841,7,17,7,High,10,3,2,No,298,37,1,0.7,1
Manipur,Thoubal,24.4,93.59,2021,7,196.01272823294966,31.916694908441187,85.50479817499286,6.585225202773792,5.993398446473043,353.46895432199466,77.88103291391728,10,30,10,High,13,4,3,No,486,35,1,0.84,1
Manipur,Bishnupur,24.38,93.46,2021,7,384.3845823956719,30.169054092990176,82.30035303173719,7.444970291400037,7.428539300918558,313.2000000461453,108.93867076399114,4,13,2,High,10,4,0,No,282,57,1,1.14,1
Manipur,Kakching,24.3,93.59,2021,7,258.4563331354862,27.561112376710273,77.68365522169584,7.927510611381582,5.006168253650054,382.07895253746113,81.65025398646378,0,23,11,High,8,5,1,No,670,27,1,0.87,1
Manipur,Churachandpur,24.2,93.41,2021,7,248.46554126848034,26.610573737821884,71.15462047555441,6.995358780943448,3.951823204130815,415.2354872033722,63.55160135235599,0,25,4,High,7,6,2,No,374,42,1,0.79,1
Meghalaya,East Jaintia Hills,25.3947,92.2622,2021,8,389.68245338595773,23.91990365603542,87.75047528513848,3.0360503712696594,10.848724054814047,876.4509878289838,319.60229263592635,0,92,3,Low,59,35,25,Yes,112,87,1,1.91,1
Meghalaya,West Jaintia Hills,25.4525,92.2053,2021,8,126.82285997516715,22.506490342586005,91.69310867195226,4.633635056758093,16.962325705632942,925.9188272787949,514.9423436001273,0,120,3,Low,50,33,18,Yes,334,72,1,2.34,1
Meghalaya,East Khasi Hills,25.5788,91.8933,2021,8,345.85056421539986,26.551590503617042,90.01042608295205,6.914936104061969,4.47988609991384,329.8377452601179,27.301861605151696,0,15,2,Low,17,6,3,No,252,70,1,0.81,1
Meghalaya,Ri Bhoi,25.9304,92.0789,2021,8,232.2710632693337,27.867123868363247,88.65623253335202,7.7595004466093025,4.8823618585134785,378.63127098804466,60.55355349602063,0,35,4,Low,12,4,5,No,420,86,1,0.79,1
Meghalaya,South West Khasi Hills,25.3047,90.9789,2021,8,310.4881672548735,26.249384334268424,84.24293384944858,6.950522238137226,4.745016429987788,316.5658943568532,32.338331728948724,0,27,5,Low,10,2,8,No,456,94,1,0.79,1
Manipur,Imphal West,24.49,93.57,2021,8,200.65410536470822,26.326744141418736,86.58479418343352,7.991612764846254,7.099968585142767,368.221939566393,65.41841673794602,12,30,6,High,9,1,3,No,290,37,1,0.81,1
Manipur,Imphal East,24.5,94.06,2021,8,312.8747781478347,29.46152823813305,73.9441403535961,7.207136533918217,3.0921211612067103,359.29636870732196,93.72636913913402,14,20,5,High,12,1,0,No,708,25,1,0.93,1
Manipur,Thoubal,24.4,93.59,2021,8,206.10919576622018,25.940130658188508,74.88402244340853,6.825484264522452,7.43474713950326,482.0555419006373,74.96538636014989,12,16,8,High,15,3,6,No,673,34,1,0.86,1
Manipur,Bishnupur,24.38,93.46,2021,8,318.01740831154297,28.288186095214957,67.82468155113588,7.00042410357482,5.599701903541493,448.61276900873156,104.95791916215842,9,21,12,High,3,3,2,No,232,38,1,1.01,1
Manipur,Kakching,24.3,93.59,2021,8,219.37990100753512,26.99383892179069,81.05874859040564,6.5749657553968035,3.882010544236004,434.00593668608013,93.42961202013835,0,43,7,High,10,3,3,No,482,29,1,0.86,1
Manipur,Churachandpur,24.2,93.41,2021,8,289.6853670450008,26.882970515812225,89.74335478860743,7.588977386396378,10.047599581234063,615.5332748190617,60.44875749054626,0,35,9,High,11,4,3,No,238,42,1,0.95,1
Meghalaya,East Jaintia Hills,25.3947,92.2622,2021,9,294.06983148559647,24.26107073389958,83.78925387088034,4.05822152080897,7.9643800247018595,725.6253678289187,559.5609823010948,0,87,3,Low,42,43,25,Yes,308,78,1,2.46,1
Meghalaya,West Jaintia Hills,25.4525,92.2053,2021,9,430.73562132617405,23.242553022226797,87.98826323176625,4.182709154663266,13.05585573345713,999.8659422479507,376.29230091144217,0,72,4,Low,48,35,19,Yes,462,91,1,2.15,1
Meghalaya,East Khasi Hills,25.5788,91.8933,2021,9,378.3139205492339,24.913874229363316,79.96743353645209,6.72313121383639,4.487727035658267,308.52813179657386,56.177858402120194,0,27,5,Low,9,2,3,No,412,91,1,0.92,1
Meghalaya,Ri Bhoi,25.9304,92.0789,2021,9,343.717101131813,19.491476606702506,83.16385504834753,7.597367003658458,2.361138472055627,277.7795337077099,0.0,0,10,3,Low,9,7,3,No,462,78,1,0.67,0
Meghalaya,South West Khasi Hills,25.3047,90.9789,2021,9,173.12133502096333,30.612895526115345,75.60037807430477,6.994807088685452,2.1317072681236335,353.46290861224355,0.0,0,17,2,Low,14,3,1,No,306,90,1,0.49,1
Manipur,Imphal West,24.49,93.57,2021,9,250.20253039582965,26.118710204718173,83.63001716283834,7.374906171274432,6.154051653336905,505.10951206993303,96.41518607962612,8,25,4,High,8,3,1,No,405,59,1,0.94,1
Manipur,Imphal East,24.5,94.06,2021,9,238.79368514828252,31.523377861584386,76.91195409099606,7.058576726911103,7.578793726860049,496.80064749406336,75.82091689551972,4,29,10,High,12,2,3,No,792,45,1,0.89,1
Manipur,Thoubal,24.4,93.59,2021,9,376.6081349251374,31.038567847283538,75.46121909926539,7.455396044263797,7.061161171248115,334.2165446147863,97.09050454133231,8,26,9,High,5,7,2,No,749,46,1,1.08,1
Manipur,Bishnupur,24.38,93.46,2021,9,295.4073207992189,25.966633742847005,83.06234397006801,7.0779597631629,4.921385424744738,386.5503215598267,86.67719933137069,5,29,16,High,11,3,3,No,263,26,1,0.94,1
Manipur,Kakching,24.3,93.59,2021,9,335.882006909871,28.746986538803444,73.96999899463765,7.001147943046541,8.63989770109934,495.25983946489066,89.47386273464454,0,27,12,High,3,7,4,No,433,36,1,1.05,1
Manipur,Churachandpur,24.2,93.41,2021,9,267.31923584844907,30.38499311806294,80.37388133960984,7.139943178394315,4.635158005695166,351.53712359960355,86.8613401785187,1,23,5,High,9,1,2,No,300,45,1,0.9,1
Meghalaya,East Jaintia Hills,25.3947,92.2622,2021,10,56.16900216663029,28.996195747493218,61.964764008113264,4.2049466744336055,13.098792220348983,416.3800798992415,192.49478892072477,0,32,1,Low,46,27,25,Yes,346,79,0,1.1,1
Meghalaya,West Jaintia Hills,25.4525,92.2053,2021,10,26.282789057395938,29.62552626800895,46.42434866126551,4.812927631273259,20.647367946719733,936.338137980761,179.29394160272273,0,30,4,Low,46,33,25,Yes,295,94,0,1.15,1
Meghalaya,East Khasi Hills,25.5788,91.8933,2021,10,66.11780457095652,28.095344704484774,72.4031847263738,7.664557384034767,3.074279244082849,409.76249648611645,20.383005875224246,0,7,4,Low,8,8,5,No,304,86,0,0.35,0
Meghalaya,Ri Bhoi,25.9304,92.0789,2021,10,47.16396750007825,25.85635897458739,55.52891859158,6.6691474661608865,3.829129827336114,297.2668065893907,13.438040451115569,0,7,0,Low,15,7,3,No,412,89,0,0.32,0
Meghalaya,South West Khasi Hills,25.3047,90.9789,2021,10,35.34214228545548,30.27218040693217,70.19383032244079,6.476183943205729,1.8764708790860052,453.1899916544545,18.07700965970918,0,9,2,Low,15,4,3,No,203,88,0,0.3,0
Manipur,Imphal West,24.49,93.57,2021,10,48.1267576202723,26.713699628116238,73.62261604807422,7.473036756568556,2.873516424469751,250.7731213340136,15.804894735894997,3,12,3,Low,9,1,2,No,736,53,0,0.32,1
Manipur,Imphal East,24.5,94.06,2021,10,68.0027424801979,32.56142568692721,49.49107883136747,6.922228919212283,1.1283219211631148,380.4321441123048,22.39361804733946,4,13,1,Low,11,4,0,No,563,42,0,0.31,1
Manipur,Thoubal,24.4,93.59,2021,10,38.1521906800514,30.79206024400101,61.59848346974971,7.836176750053384,2.732492102779802,428.8723662825023,6.725562818858519,0,5,3,Low,6,2,5,No,694,53,0,0.26,0
Manipur,Bishnupur,24.38,93.46,2021,10,15.599305570808044,35.66306297202057,56.69115573262685,7.478276562266879,0.6645184309001086,448.6036289417637,7.263480055308173,4,9,2,Low,11,3,2,No,647,37,0,0.2,0
Manipur,Kakching,24.3,93.59,2021,10,38.08093464078763,28.68011126278027,58.30979795879749,7.474849709155503,2.075920534259487,238.99285525856234,20.159339912674152,0,3,6,Low,4,2,2,No,335,43,0,0.29,0
Manipur,Churachandpur,24.2,93.41,2021,10,50.18704901044303,28.509867528208776,67.15239677859836,7.1748585128187505,1.3608764775280355,248.24628679846057,10.01982436148668,0,5,0,Low,7,2,1,No,656,56,0,0.27,0
Meghalaya,East Jaintia Hills,25.3947,92.2622,2021,11,47.120832124239776,28.45936768777323,66.62393690348863,4.292566602962813,17.69066482284233,966.1015915320176,146.7232655051528,0,28,4,Low,39,42,24,Yes,117,86,0,1.05,1
Meghalaya,West Jaintia Hills,25.4525,92.2053,2021,11,73.86341729950288,26.128212097651772,57.29217969811845,3.4162293930997296,1.482599351192139,837.3608784955308,147.2454745837558,0,18,1,Low,44,39,23,Yes,110,90,0,0.75,1
Meghalaya,East Khasi Hills,25.5788,91.8933,2021,11,42.52675843471659,26.218290483939093,60.9418287152495,6.746889253078995,3.083481125519851,248.00249115924782,16.412340639048534,0,8,3,Low,11,3,4,No,383,91,0,0.32,0
Meghalaya,Ri Bhoi,25.9304,92.0789,2021,11,48.36954346361302,26.892378398657662,71.73586956361702,5.346505890339179,2.625177943378194,196.14561791560277,3.6872418453905453,0,5,4,Low,10,5,3,No,169,89,0,0.31,0
Meghalaya,South West Khasi Hills,25.3047,90.9789,2021,11,69.50624916955958,30.935266336084105,69.12502470755165,7.061071272966967,1.8963301714696308,266.92107756724425,12.198008708825373,0,11,1,Low,12,6,4,No,324,80,0,0.31,0
Manipur,Imphal West,24.49,93.57,2021,11,49.95862356058561,27.82726040382498,65.30758183321208,7.493166487789068,1.6038739020107713,354.68941320192874,19.47361757323569,1,11,4,Low,6,2,2,No,521,31,0,0.3,1
Manipur,Imphal East,24.5,94.06,2021,11,23.731356813511642,26.787442743946684,43.79353701510898,8.155709543569863,0.7195444289975332,418.94798212210804,20.03721986597599,1,15,2,Low,7,7,0,No,322,35,0,0.23,1
Manipur,Thoubal,24.4,93.59,2021,11,11.176159979965615,26.586937630347798,65.22117125741663,7.806304118710228,3.734831891227228,516.5032104839457,8.772030441927225,0,8,3,Low,5,3,4,No,525,44,0,0.27,0
Manipur,Bishnupur,24.38,93.46,2021,11,53.38081819265155,28.690921593845278,51.3034209874439,5.996065836536557,1.2043102370047238,381.61531192781206,5.186462099957817,0,8,6,Low,10,2,2,No,498,32,0,0.26,0
Manipur,Kakching,24.3,93.59,2021,11,24.08059781702401,30.255852700480055,53.17357354538933,7.790245438986481,4.278401986529228,465.7364963389571,8.64795628010285,1,10,2,Low,12,1,3,No,274,51,0,0.28,0
Manipur,Churachandpur,24.2,93.41,2021,11,25.73423025590236,32.03679387017783,72.7246565809428,7.131502255278771,1.4806036281738733,365.909212265392,17.141583461876188,0,4,4,Low,9,5,3,No,712,53,0,0.28,0
Meghalaya,East Jaintia Hills,25.3947,92.2622,2021,12,51.54312992435433,20.328646703514586,65.86817020857885,2.7066716458930675,18.447157852575664,775.734944138327,179.62249899147605,0,31,4,Low,35,30,25,Yes,116,76,0,1.19,1
Meghalaya,West Jaintia Hills,25.4525,92.2053,2021,12,74.04955495306017,21.816554962523913,67.53717587768381,2.8349833808381515,20.47580205860116,886.7010999893685,164.66351182403804,0,41,3,Low,59,29,25,Yes,492,91,0,1.2,1
Meghalaya,East Khasi Hills,25.5788,91.8933,2021,12,67.972969173698,20.387696043739876,59.60052784967558,7.795776651102367,2.167938695150143,244.9884717063461,18.5297457656915,0,7,4,Low,9,5,6,No,370,76,0,0.32,0
Meghalaya,Ri Bhoi,25.9304,92.0789,2021,12,25.67348334409802,19.931267664775724,63.31866473766479,6.525916822015376,2.4617638140088456,286.41452836117554,22.86194759048022,0,6,3,Low,10,3,1,No,307,83,0,0.31,0
Meghalaya,South West Khasi Hills,25.3047,90.9789,2021,12,0.030128242570981456,14.20307486733894,48.48091630362491,7.122584562686409,3.7449914196140823,207.66660556312118,24.992600313827985,0,6,1,Low,4,3,2,No,491,75,0,0.3,0
Manipur,Imphal West,24.49,93.57,2021,12,16.261129091063594,20.81850686856123,69.0743583511057,6.916935705696217,2.620747555279424,504.0188564792752,7.979993518094512,1,8,5,Low,12,2,2,No,509,41,0,0.26,0
Manipur,Imphal East,24.5,94.06,2021,12,69.67555185622737,22.514807635619054,63.18759298286304,6.699468893307784,1.7163153063218473,536.8098481763813,9.156294857534368,0,9,3,Low,7,5,1,No,300,47,0,0.3,0
Manipur,Thoubal,24.4,93.59,2021,12,35.2006496640738,19.47976676648274,80.09245241267539,7.183859694475265,2.6405429350747736,412.3078201656181,14.434359737421298,0,11,3,Low,10,2,2,No,269,51,0,0.31,0
Manipur,Bishnupur,24.38,93.46,2021,12,10.511754548312638,26.198196247835547,56.89026807250218,7.6579926779728975,2.749365942270041,460.9733567849832,23.295477604598616,0,9,3,Low,8,2,2,No,316,30,0,0.28,0
Manipur,Kakching,24.3,93.59,2021,12,22.892026947607064,25.000559993904922,57.07360261765198,7.775303775296535,0.8673362464403525,475.91785027052606,18.958982064017352,0,9,8,Low,8,3,3,No,416,54,0,0.24,1
Manipur,Churachandpur,24.2,93.41,2021,12,41.78718013945213,26.110183345806867,57.28702176583969,7.138133659950122,2.4578056099257846,350.30679748820216,14.087155128102294,0,5,6,Low,9,4,4,No,258,26,0,0.29,0
Meghalaya,East Jaintia Hills,25.3947,92.2622,2022,1,58.03837910347846,25.382104399540847,59.224293382998965,4.420975712628491,17.766817843863112,726.5178826410369,189.81364359792008,0,32,4,Low,53,36,28,Yes,467,86,0,1.18,1
Meghalaya,West Jaintia Hills,25.4525,92.2053,2022,1,86.13032421324019,20.30489817756803,58.75235846507244,2.2579888061710234,19.48878949357578,697.183389457228,189.58304229672223,0,39,1,Low,42,30,27,Yes,433,94,0,1.27,1
Meghalaya,East Khasi Hills,25.5788,91.8933,2022,1,42.60605888057827,19.956748696921554,62.07921421807469,6.7795303356905805,2.7805194467856715,201.36732360749423,18.48974046152947,0,6,4,Low,10,8,1,No,462,73,0,0.32,0
Meghalaya,Ri Bhoi,25.9304,92.0789,2022,1,37.218992058299385,22.430816591166924,50.4877892151348,7.075697274795698,3.7026923848187647,359.4778595824586,23.681616950534575,0,10,1,Low,12,3,5,No,453,73,0,0.33,0
Meghalaya,South West Khasi Hills,25.3047,90.9789,2022,1,49.79668558514446,22.993095731645784,67.37091551403708,5.987200316670274,3.2884111487160617,243.73079755597672,5.788468598543787,0,5,4,Low,13,1,2,No,130,85,0,0.31,0
Manipur,Imphal West,24.49,93.57,2022,1,22.242943793268566,21.402588296955187,69.00554252813532,6.708103041154589,2.9907980883522076,390.76586370081475,8.546055669247037,1,9,1,Low,11,4,2,No,257,25,0,0.28,0
Manipur,Imphal East,24.5,94.06,2022,1,20.497830113446163,22.962085691902793,65.31510027388502,6.787864411341495,2.7969958637222745,445.0738790043547,16.75005598967587,0,13,5,Low,18,5,2,No,313,26,0,0.3,1
Manipur,Thoubal,24.4,93.59,2022,1,20.206689627014015,23.85970430946903,49.478658060574475,6.839291825127057,1.8521934964528823,511.2870140768497,16.192404056819655,1,5,3,Low,9,2,3,No,728,28,0,0.26,0
Manipur,Bishnupur,24.38,93.46,2022,1,30.010651823489454,30.014748852233193,58.59640936216392,8.079848596167157,1.8556071815470288,365.40836994000057,7.465633405984166,1,10,3,Low,13,2,0,No,343,27,0,0.23,0
Manipur,Kakching,24.3,93.59,2022,1,29.93611519141185,28.87490568028134,54.064132575264445,6.632266652094915,2.4879054450741864,429.70834514908347,23.10613439863114,0,8,5,Low,8,0,3,No,579,21,0,0.31,0
Manipur,Churachandpur,24.2,93.41,2022,1,37.10901148817026,29.55615505815038,54.23499153927386,7.529196255961245,0.13955200007569313,486.42436147342266,12.143128737913615,1,8,4,Low,8,2,0,No,348,30,0,0.22,0
Meghalaya,East Jaintia Hills,25.3947,92.2622,2022,2,53.93127095284929,22.782696252923913,68.28343802555602,2.7969704893343135,20.41481385509556,979.6279441633271,146.22886115776674,0,19,4,Low,38,35,30,Yes,111,86,0,1.13,1
Meghalaya,West Jaintia Hills,25.4525,92.2053,2022,2,33.31373851918856,21.38604787212413,69.66754382798453,1.852156010073342,7.069491705890183,667.404243982156,220.75769921743552,0,34,1,Low,52,40,25,Yes,119,93,0,1.08,1
Meghalaya,East Khasi Hills,25.5788,91.8933,2022,2,36.75840423332062,18.795732038400704,52.88060579703958,7.182724619216137,3.5112532785395745,258.8145488955232,28.113623174047106,0,9,5,Low,14,2,3,No,442,76,0,0.34,0
Meghalaya,Ri Bhoi,25.9304,92.0789,2022,2,73.55089449539172,19.916545339396574,63.29937097609145,6.009624591345279,2.938898086248634,244.79419982225983,36.845797460168995,0,9,2,Low,8,2,7,No,189,77,0,0.42,0
Meghalaya,South West Khasi Hills,25.3047,90.9789,2022,2,86.877973840039,33.25861777789021,70.60560489696466,6.747828603506554,3.3933070500053235,226.19429163386084,21.812511626020505,0,6,3,Low,11,8,4,No,250,85,0,0.39,0
Manipur,Imphal West,24.49,93.57,2022,2,35.97665795035023,20.463173221776778,63.49784878037633,6.750312936422673,2.0064641871975972,344.26450163446117,23.52227275197079,1,21,3,Low,7,2,3,No,480,42,0,0.31,1
Manipur,Imphal East,24.5,94.06,2022,2,11.575164073786649,23.520565432737556,69.69726950840266,7.727429534605443,1.8131141696193491,332.37587917575763,9.528176012249283,1,11,2,Low,5,3,3,No,398,42,0,0.24,0
Manipur,Thoubal,24.4,93.59,2022,2,25.77296428969914,25.462144233105317,60.78798678419745,7.1788157947291635,2.066592571751668,128.67573658365882,16.281109180409892,0,10,3,Low,9,5,1,No,667,38,0,0.27,0
Manipur,Bishnupur,24.38,93.46,2022,2,37.25159837895058,24.51810664142352,47.657574254056804,6.957913024375632,1.033753680246746,382.46215441013095,17.45752823623392,1,10,1,Low,4,0,1,No,678,59,0,0.26,0
Manipur,Kakching,24.3,93.59,2022,2,23.75062041576806,26.187396546129243,59.495015895110015,7.3317754059773925,3.2840957939481172,157.36079294647917,3.065350649021637,2,18,3,Low,7,2,1,No,308,53,0,0.25,1
Manipur,Churachandpur,24.2,93.41,2022,2,22.56182741984776,26.290197061525955,58.7225185000936,7.623473250884957,2.146509200958443,367.95374502403564,15.123817690479013,0,9,5,Low,12,2,3,No,410,31,0,0.26,0
Meghalaya,East Jaintia Hills,25.3947,92.2622,2022,3,31.99141549071021,25.54814874990077,69.73681568834515,4.120628525434576,13.514455264007294,732.6706791269428,202.71757392735083,0,29,2,Low,53,39,32,Yes,492,78,0,1.12,1
Meghalaya,West Jaintia Hills,25.4525,92.2053,2022,3,23.131460657566087,27.124724103224388,71.07611909988886,3.452139085176077,17.46780102167146,858.1794115180012,100.22341097741307,0,28,2,Low,49,39,14,Yes,457,81,0,0.89,1
Meghalaya,East Khasi Hills,25.5788,91.8933,2022,3,80.44595126688965,34.63267297840234,65.61387390973209,6.9763447699113055,2.5527404091171624,434.9583239046999,19.204727322918014,0,6,4,Low,9,6,2,No,423,94,0,0.36,0
Meghalaya,Ri Bhoi,25.9304,92.0789,2022,3,2.1263169653174288,25.047326555317543,73.66988238443211,6.133174208708094,2.188241223050392,214.33493685892046,18.57888538836456,0,10,2,Low,12,6,3,No,475,74,0,0.29,0
Meghalaya,South West Khasi Hills,25.3047,90.9789,2022,3,85.82530128341412,28.552398319067635,66.17881018514596,6.160101006940264,2.5488367799957032,474.7376359709906,19.52316864758773,0,8,3,Low,6,3,2,No,392,88,0,0.37,0
Manipur,Imphal West,24.49,93.57,2022,3,23.332514576846926,24.574930702747764,63.169595203073435,7.401718431435645,1.2282887798194597,349.9613909879566,17.192508847828687,0,10,4,Low,3,1,4,No,550,38,0,0.26,0
Manipur,Imphal East,24.5,94.06,2022,3,16.459505036662,25.808543080355545,67.57542774685645,7.8110326370980925,2.320876511184577,383.5439030377326,18.81667075466938,2,13,4,Low,6,4,1,No,586,29,0,0.28,1
Manipur,Thoubal,24.4,93.59,2022,3,37.66989966243533,31.591507722503795,68.31149409149147,7.617910534362429,3.0453114301039594,366.06229937018895,14.26030349046205,0,12,0,Low,12,3,0,No,447,39,0,0.3,0
Manipur,Bishnupur,24.38,93.46,2022,3,66.9631866149883,31.380950159641017,62.61411582129207,8.322112589968041,3.7394557208282126,478.1137475832161,19.14606970413128,1,9,2,Low,14,2,2,No,205,25,0,0.34,0
Manipur,Kakching,24.3,93.59,2022,3,43.841776442563,31.661099775770545,68.5393356242592,7.183479543963361,4.060959436462513,390.1851517035992,16.104584040719466,0,9,4,Low,3,3,3,No,314,23,0,0.34,0
Manipur,Churachandpur,24.2,93.41,2022,3,0.0,27.123664631439674,50.44648479126168,6.523745655279639,0.41641161021242,441.29989121377974,13.929661511360694,1,12,2,Low,5,2,2,No,633,35,0,0.21,0
Meghalaya,East Jaintia Hills,25.3947,92.2622,2022,4,57.58810795210219,34.225195118045626,68.97120094187153,4.4441025389932225,20.721465342799696,522.4262899088396,238.19301758167114,0,22,4,Low,55,28,21,Yes,454,74,0,1.39,1
Meghalaya,West Jaintia Hills,25.4525,92.2053,2022,4,57.40423779883482,27.698572838284885,69.67451333148247,3.454087437598766,17.052750426638084,753.786104508464,269.6590628967453,0,32,2,Low,40,37,30,Yes,309,89,0,1.43,1
Meghalaya,East Khasi Hills,25.5788,91.8933,2022,4,66.78698228463205,25.469795354628886,59.5093052245214,6.911117818315262,3.07775991999108,300.59381694151494,28.586885114656262,0,8,1,Low,13,4,3,No,146,71,0,0.37,0
Meghalaya,Ri Bhoi,25.9304,92.0789,2022,4,33.951456111543806,25.802416948518182,56.523956513236904,6.785858675646444,3.1671070031402255,303.8394008238651,32.98730108640204,0,6,2,Low,10,2,6,No,129,77,0,0.36,0
Meghalaya,South West Khasi Hills,25.3047,90.9789,2022,4,35.70086299807883,25.392418064345193,69.91303423560355,6.186964703591847,4.286482064644474,315.3930193099005,25.190360780496263,0,5,1,Low,9,5,3,No,117,87,0,0.38,0
Manipur,Imphal West,24.49,93.57,2022,4,31.043086633396626,26.805731533956966,75.21308616665576,7.115679065675863,2.706388400302224,359.98591582141756,22.902709203041848,1,7,6,Low,5,4,1,No,642,25,0,0.33,0
Manipur,Imphal East,24.5,94.06,2022,4,40.17688729517758,25.706411332264118,70.62863577137168,6.923500283576294,3.693937067097493,446.82432980715345,14.89911674149365,0,9,1,Low,8,2,2,No,365,50,0,0.33,0
Manipur,Thoubal,24.4,93.59,2022,4,25.5885228929155,31.300418494927115,62.166692126671634,6.94571887336216,1.5160128837191211,412.36614951512615,7.519927214252865,0,9,3,Low,9,3,1,No,542,21,0,0.24,0
Manipur,Bishnupur,24.38,93.46,2022,4,44.39160798124634,28.337311370557018,60.97791801478797,7.389919101197587,1.8673375837226802,428.3171005336364,17.67123466437528,1,6,3,Low,8,3,5,No,750,44,0,0.29,0
Manipur,Kakching,24.3,93.59,2022,4,38.77024922876883,31.175329567040826,57.03819526506916,6.869569618886573,2.250692416022752,318.8025847706524,20.92126708015733,0,11,4,Low,6,7,4,No,216,38,0,0.31,0
Manipur,Churachandpur,24.2,93.41,2022,4,21.150334638710813,28.048020517894848,65.84767181100973,6.154848550573422,1.8297417532040945,373.43954397138947,13.000608806658143,1,6,1,Low,9,3,2,No,300,25,0,0.27,0
Meghalaya,East Jaintia Hills,25.3947,92.2622,2022,5,53.155097423205355,31.974096114919153,71.30937347408694,3.3755136573496474,10.160786824301933,912.1434564585513,185.98803076279046,0,22,2,Low,38,31,21,Yes,465,87,0,1.04,1
Meghalaya,West Jaintia Hills,25.4525,92.2053,2022,5,75.2923942324436,30.59391155170888,64.89230836331478,3.0665700788932297,14.727745187895623,842.9068854058427,287.37774538116315,0,34,4,Low,38,33,31,Yes,463,71,0,1.45,1
Meghalaya,East Khasi Hills,25.5788,91.8933,2022,5,80.19247919931355,26.028656567378267,75.52376836296,6.968843499039069,3.111326498506311,418.4415461324073,23.828011983013504,0,10,2,Low,12,2,3,No,108,94,0,0.39,0
Meghalaya,Ri Bhoi,25.9304,92.0789,2022,5,49.543624785393035,28.452732890875208,60.72607782429659,6.822303862217145,4.25707976848107,559.431018477411,31.37539013150635,0,10,2,Low,6,3,1,No,255,77,0,0.39,0
Meghalaya,South West Khasi Hills,25.3047,90.9789,2022,5,34.5645608521425,28.68248762719616,77.87616532620778,7.117983875355868,2.1779239881720724,178.07155334778062,14.305502255078896,0,7,4,Low,10,5,2,No,349,89,0,0.3,0
Manipur,Imphal West,24.49,93.57,2022,5,28.139679189150044,26.98306204082415,56.5574732428364,6.280693611752152,0.6456210700456064,288.3325933289853,18.254610790204843,0,12,2,Low,4,1,1,No,483,40,0,0.26,0
Manipur,Imphal East,24.5,94.06,2022,5,28.91403563958574,25.86065276520165,68.20913635521573,7.2438897174044845,2.9150499826693896,391.3812664181891,18.607904475588267,2,9,8,Low,5,6,3,No,207,58,0,0.31,1
Manipur,Thoubal,24.4,93.59,2022,5,25.690912618268065,29.75686210583477,72.22998280432726,6.695775633726325,0.0,252.79629269732084,8.1308258755067,0,13,3,Low,9,3,0,No,376,44,0,0.23,1
Manipur,Bishnupur,24.38,93.46,2022,5,34.68976486810984,25.108328393258088,74.25963373245851,7.227631297939509,1.293095220862403,452.15025255698527,14.13834921637717,0,7,3,Low,6,7,1,No,340,50,0,0.27,0
Manipur,Kakching,24.3,93.59,2022,5,9.599180183735985,26.29646400473281,78.21669198442643,6.6840168580764105,1.5597407956135996,528.8075724852378,15.07254499631327,1,7,6,Low,8,5,4,No,219,35,0,0.27,0
Manipur,Churachandpur,24.2,93.41,2022,5,11.751287937964356,32.128057543365955,51.02775882059978,7.2097291277594415,1.8614877553927753,357.61099576776473,13.474055772596241,0,9,5,Low,12,2,2,No,578,39,0,0.24,0
Meghalaya,East Jaintia Hills,25.3947,92.2622,2022,6,383.7529435590511,23.727688553247702,85.43215094543771,3.8935324305211094,15.205625343209384,652.9102159215913,397.33948949630184,0,70,4,Low,46,32,20,Yes,439,87,1,2.21,1
Meghalaya,West Jaintia Hills,25.4525,92.2053,2022,6,268.3848133575149,22.32723222386544,89.850185368319,4.075400786444266,22.025850277976804,751.7314455193981,605.2841613079871,0,70,2,Low,50,36,28,Yes,279,85,1,2.86,1
Meghalaya,East Khasi Hills,25.5788,91.8933,2022,6,351.54332210090035,25.94312060259741,83.43002451846024,6.662180616972437,2.8584069518963093,199.83334863790748,55.762870879418884,0,12,4,Low,9,8,3,No,133,76,1,0.86,1
Meghalaya,Ri Bhoi,25.9304,92.0789,2022,6,259.75166204628704,25.266118717134272,95.0,6.915764951901439,3.2523742095336066,344.7863327599281,33.22250109102029,0,35,1,Low,9,3,3,No,386,86,1,0.72,1
Meghalaya,South West Khasi Hills,25.3047,90.9789,2022,6,315.1992688563337,23.33891454059358,80.03978219611433,6.225574295035356,3.2560798786660206,436.8629622097128,20.019875348802874,0,27,0,Low,11,2,2,No,317,82,1,0.73,1
Manipur,Imphal West,24.49,93.57,2022,6,236.31831821290726,26.21949115990269,87.19413189727112,6.43879265286663,5.871329132914004,462.0079998446336,68.28188078637649,4,23,8,High,4,2,2,No,515,55,1,0.85,1
Manipur,Imphal East,24.5,94.06,2022,6,229.0741321180215,27.63333131299843,78.16420740023068,7.826933444411874,3.409124104726069,529.4185349662287,74.95922526827424,3,24,7,High,8,2,0,No,332,30,1,0.79,1
Manipur,Thoubal,24.4,93.59,2022,6,129.79757506653308,27.113893200484007,84.24244663818895,7.810224761087451,3.7103647569423055,498.2494339140577,105.92166898158871,3,31,7,High,10,4,1,No,507,46,1,0.79,1
Manipur,Bishnupur,24.38,93.46,2022,6,221.9834634547708,24.263996226658513,78.0748159878689,8.20684945866568,6.12450056633944,476.447822030579,60.390609301562044,3,24,6,High,8,2,2,No,666,28,1,0.79,1
Manipur,Kakching,24.3,93.59,2022,6,315.0518946426126,28.396787034354972,81.05151520110998,7.195408823307431,3.9644851055555606,421.7802339748726,89.51176871857164,0,17,8,High,10,4,2,No,387,39,1,0.94,1
Manipur,Churachandpur,24.2,93.41,2022,6,145.1862585192667,28.71005123586986,82.03978454875325,7.837488691010409,5.395498271076138,317.08908193659545,47.904900241780624,0,24,5,High,9,0,2,No,331,55,1,0.67,1
Meghalaya,East Jaintia Hills,25.3947,92.2622,2022,7,287.4370647525896,26.33860550886844,94.26705398949915,3.5152653022238143,12.378200221592083,907.7633856362246,465.96997699307985,0,57,4,Low,43,25,33,Yes,429,71,1,2.28,1
Meghalaya,West Jaintia Hills,25.4525,92.2053,2022,7,214.1457192419624,21.101086990412753,83.22441717278446,5.2416421179907005,9.376724803420318,1018.4205922038668,252.3536358378198,0,67,4,Low,48,44,16,Yes,184,91,1,1.47,1
Meghalaya,East Khasi Hills,25.5788,91.8933,2022,7,203.25697265674177,21.002362678662223,80.18178849086816,6.754694219884369,4.88547672126629,286.73057784729286,41.33524250708779,0,30,2,Low,14,6,3,No,375,72,1,0.71,1
Meghalaya,Ri Bhoi,25.9304,92.0789,2022,7,236.3642211306409,29.569680121536518,78.82312546436557,7.189917057039342,4.154230224722774,207.0466922755001,41.446047253802604,0,17,1,Low,14,7,1,No,251,82,1,0.72,1
Meghalaya,South West Khasi Hills,25.3047,90.9789,2022,7,246.5987979723902,27.99837356528614,88.77270390007452,6.758919557071675,1.9033624919783603,479.39493313868275,22.404051341842386,0,20,1,Low,10,9,4,No,107,85,1,0.64,1
Manipur,Imphal West,24.49,93.57,2022,7,162.43466449101118,27.267024039843868,84.95997413278818,6.919883953748245,7.23889474206877,314.14226229714075,89.78108266740723,11,31,4,High,4,3,3,No,499,23,1,0.86,1
Manipur,Imphal East,24.5,94.06,2022,7,186.66163061208422,25.535137521672,78.23157120216497,7.676230985268085,8.378377867303358,566.9922781404639,104.47897506292009,10,25,13,High,4,3,1,No,583,51,1,0.94,1
Manipur,Thoubal,24.4,93.59,2022,7,238.14277193224206,30.047749324260007,80.97205104141308,6.702355666622602,0.35563731212274163,467.08084920959163,130.05925151205946,6,22,13,High,6,0,1,No,308,59,1,0.92,1
Manipur,Bishnupur,24.38,93.46,2022,7,312.316364152529,26.978021659608547,80.46579168849871,5.923225201972051,4.663230155054295,367.3987504183151,87.80732388790751,9,36,12,High,10,3,3,No,410,43,1,0.96,1
Manipur,Kakching,24.3,93.59,2022,7,240.76568638151875,27.97571317772247,81.24685141363825,6.8474089879872855,6.317627949767796,241.29662384740084,80.17176277016365,0,29,10,High,8,2,2,No,671,53,1,0.89,1
Manipur,Churachandpur,24.2,93.41,2022,7,217.8665752180723,25.637426386654347,76.21284612623606,7.215268247497676,7.358518669220253,600.2682766408592,85.70798753443374,2,18,6,High,8,3,1,No,290,58,1,0.9,1
Meghalaya,East Jaintia Hills,25.3947,92.2622,2022,8,311.19949941091477,25.431041335053195,84.3324393855783,3.7894095936830805,16.599048551199587,756.4628680997743,438.4278834985951,0,60,0,Low,55,36,24,Yes,155,91,1,2.29,1
Meghalaya,West Jaintia Hills,25.4525,92.2053,2022,8,140.9619466553916,22.57401548813288,75.4833976148484,5.011707540446033,12.947189625387304,829.0487900146909,530.333686620339,0,95,5,Low,60,36,27,Yes,148,81,1,2.29,1
Meghalaya,East Khasi Hills,25.5788,91.8933,2022,8,308.82570904893504,24.35215526159747,84.38619106631056,6.714514422409556,4.830238355233064,190.52811270828812,33.86865910242004,0,22,2,Low,9,1,3,No,336,72,1,0.8,1
Meghalaya,Ri Bhoi,25.9304,92.0789,2022,8,125.2405811958553,27.547427817796574,86.36764385570882,6.162740446346315,3.678742601718744,305.1385410624321,71.9685291071568,0,32,3,Low,10,6,2,No,269,82,1,0.71,1
Meghalaya,South West Khasi Hills,25.3047,90.9789,2022,8,231.5834894151128,27.052489625826865,72.82343834108556,6.3926219985882256,3.176150451887692,175.01796604106357,34.69524919059596,0,17,4,Low,12,5,3,No,244,76,1,0.68,1
Manipur,Imphal West,24.49,93.57,2022,8,160.3894133048114,29.441993905811273,69.38026208649667,6.927406877636839,10.85454018494666,300.56449343691264,61.57097953142157,7,17,6,High,6,2,2,No,476,56,1,0.83,1
Manipur,Imphal East,24.5,94.06,2022,8,216.0764217828759,25.968743490563508,80.48184620029998,6.374195201640858,4.105601213860033,498.1532875299121,85.49825421575014,9,23,9,High,4,4,3,No,669,42,1,0.84,1
Manipur,Thoubal,24.4,93.59,2022,8,315.31688207916113,27.20298616423497,81.04730984865098,7.443085620732937,6.011723819681187,599.0894632944207,83.26132687771155,8,27,6,High,8,5,2,No,457,38,1,0.96,1
Manipur,Bishnupur,24.38,93.46,2022,8,186.24954546938196,28.050770555944542,80.68298697794376,6.841713255787948,6.619188871943772,453.08943142159495,97.16278141868031,12,28,6,High,3,6,0,No,472,27,1,0.89,1
Manipur,Kakching,24.3,93.59,2022,8,286.12224540290697,25.82834965540753,77.42293067277281,8.257087608970938,5.222080301941814,413.8405434154061,53.82011770249868,1,20,12,High,7,3,1,No,372,36,1,0.81,1
Manipur,Churachandpur,24.2,93.41,2022,8,213.25834025222565,28.14255921136855,85.04036013912076,7.281177280408238,2.8853547943758002,386.59404461848703,71.56491056781205,0,29,6,High,9,2,4,No,246,27,1,0.77,1
Meghalaya,East Jaintia Hills,25.3947,92.2622,2022,9,441.284024324183,29.614991317157656,95.0,3.8844149424865795,26.605019980309024,920.6956083335967,309.20542864773836,0,95,5,Low,51,32,31,Yes,183,82,1,2.24,1
Meghalaya,West Jaintia Hills,25.4525,92.2053,2022,9,296.85813544387395,29.00997207327695,78.3171574984254,4.7389114360192295,16.601082889744145,1044.2589891370296,413.3958380580235,0,52,3,Low,39,30,33,Yes,236,71,1,2.18,1
Meghalaya,East Khasi Hills,25.5788,91.8933,2022,9,318.6434361223587,23.236431085276,81.40967608190869,6.915305424383107,1.866578981707377,334.99237152493924,22.092912526816,0,20,4,Low,10,4,2,No,368,84,1,0.7,1
Meghalaya,Ri Bhoi,25.9304,92.0789,2022,9,385.0282954426573,18.772496807782307,83.0676043106287,6.58245988733499,3.773000929379386,370.2550897718179,66.85340218825203,0,25,4,Low,12,6,4,No,117,81,1,0.95,1
Meghalaya,South West Khasi Hills,25.3047,90.9789,2022,9,263.0694078747454,30.405441835122282,88.04834036470136,6.136313638309216,0.180823523944742,169.04471845420633,62.608310157330116,0,20,2,Low,11,8,3,No,210,82,1,0.75,1
Manipur,Imphal West,24.49,93.57,2022,9,142.3754975758948,28.77453460086906,85.61526598763231,6.680185460790541,4.967365575307954,498.1383992275033,93.38832382373771,6,14,5,High,3,6,0,No,365,45,1,0.81,1
Manipur,Imphal East,24.5,94.06,2022,9,379.58435563966,26.99232149222464,70.69257774722256,7.480326259789388,1.789565968608113,307.29499080746666,58.28154941420732,11,30,8,High,3,1,2,No,250,36,1,0.85,1
Manipur,Thoubal,24.4,93.59,2022,9,231.38673956501592,27.10733584246563,83.29477067390518,7.385702017211515,5.9907596306569735,439.3114656058034,71.90890164883209,8,23,9,High,7,2,2,No,709,49,1,0.84,1
Manipur,Bishnupur,24.38,93.46,2022,9,288.64462446750696,27.612929026806928,80.76945555740713,7.138067945911592,2.871579692319853,223.42898130499788,89.27512255462128,9,33,10,High,5,4,2,No,691,40,1,0.89,1
Manipur,Kakching,24.3,93.59,2022,9,323.41797625378393,26.44966591281793,76.70008227168186,7.675646081801292,1.5101046266643339,564.0147226025574,73.90122867772222,0,30,10,High,9,5,3,No,715,40,1,0.84,1
Manipur,Churachandpur,24.2,93.41,2022,9,125.37280877356756,32.29164985015298,78.8236304501378,6.4275320389232995,1.0360710285225734,250.08187980423017,97.96719136693972,1,27,5,High,12,2,3,No,654,29,1,0.73,1
Meghalaya,East Jaintia Hills,25.3947,92.2622,2022,10,72.49553439971625,23.73331105148138,64.80481146211075,4.174011117164003,18.77479383070982,411.6282681241188,199.80979331646003,0,26,2,Low,43,39,19,Yes,222,94,0,1.25,1
Meghalaya,West Jaintia Hills,25.4525,92.2053,2022,10,42.6864583493896,29.56434819717859,69.03416598430707,4.569575258844768,14.588731501642734,861.2901725926681,178.11313387978376,0,32,1,Low,43,36,18,Yes,290,93,0,1.07,1
Meghalaya,East Khasi Hills,25.5788,91.8933,2022,10,53.639797652455954,31.724680092211273,60.264996860694374,7.18274915431946,1.8513233679264087,308.7178556870703,19.331835281939945,0,10,1,Low,10,7,0,No,274,92,0,0.31,0
Meghalaya,Ri Bhoi,25.9304,92.0789,2022,10,36.58378195679442,28.037514973076274,55.711100878934225,6.930402760332149,2.3898178912357046,190.92114022435425,24.105572450413728,0,17,2,Low,6,6,2,No,124,79,0,0.31,1
Meghalaya,South West Khasi Hills,25.3047,90.9789,2022,10,34.65359049528689,22.13595701320374,67.24099201935708,6.4375060804216,2.672423086950885,139.33648253823395,16.27327727126827,0,8,2,Low,15,1,4,No,234,94,0,0.31,0
Manipur,Imphal West,24.49,93.57,2022,10,13.815780313632168,19.599287529383524,54.867196010655746,7.032863658352797,2.894394180301317,233.33108652254506,12.684277342282332,2,10,3,Low,4,5,4,No,236,31,0,0.26,0
Manipur,Imphal East,24.5,94.06,2022,10,66.63499211764834,31.986494423332104,52.19240535312282,7.191374153567879,1.597945214465965,238.54005920298903,15.425935040556164,4,13,6,Low,3,3,4,No,453,25,0,0.29,1
Manipur,Thoubal,24.4,93.59,2022,10,14.566448854684658,24.020192848142447,58.427012923414125,7.850328043105376,1.182887197525691,346.6654239976797,20.293095263202883,2,14,3,Low,12,6,3,No,441,49,0,0.25,1
Manipur,Bishnupur,24.38,93.46,2022,10,5.780595643356836,27.119105170453942,51.70614961976287,6.577555140253693,2.000849052464625,272.0281715031366,9.208699680745571,1,14,5,Low,8,6,0,No,691,57,0,0.23,1
Manipur,Kakching,24.3,93.59,2022,10,0.0,28.997313664104194,62.53962357533621,7.5563798894768714,2.512606602861342,330.36903556103346,12.463325717605091,1,9,2,Low,4,2,3,No,756,47,0,0.24,0
Manipur,Churachandpur,24.2,93.41,2022,10,0.0,29.025349134024783,50.06256744217205,7.511466134905982,3.8103275907226957,465.8935354853684,20.42413870078054,0,12,3,Low,11,2,2,No,477,52,0,0.28,0
Meghalaya,East Jaintia Hills,25.3947,92.2622,2022,11,39.44070231643724,27.316920352453778,68.45834675295765,1.5308223091398072,14.032635885657776,612.7005888162919,196.6588770579793,0,27,1,Low,36,25,31,Yes,358,81,0,1.16,1
Meghalaya,West Jaintia Hills,25.4525,92.2053,2022,11,49.471949573365904,31.181017258201816,82.03837714466613,3.671355523107393,17.76945382671851,1003.1729747760282,233.78093254644955,0,23,2,Low,36,43,31,Yes,278,81,0,1.34,1
Meghalaya,East Khasi Hills,25.5788,91.8933,2022,11,26.807587769204027,31.64937933369735,62.95639654894787,5.603695925901368,2.9539385958755346,260.6453680126813,26.846612305437453,0,7,1,Low,13,6,5,No,126,92,0,0.35,0
Meghalaya,Ri Bhoi,25.9304,92.0789,2022,11,71.39826870821943,29.1398486730184,61.948763756228686,6.945283792794329,3.739545207195939,296.00578864161355,30.361977510121104,0,6,6,Low,15,4,2,No,358,75,0,0.4,0
Meghalaya,South West Khasi Hills,25.3047,90.9789,2022,11,66.3947943451619,28.89168166475526,63.43621885131221,7.633628420874767,0.8760071818743644,341.36162575716804,41.35586730077366,0,4,2,Low,9,5,5,No,358,88,0,0.36,0
Manipur,Imphal West,24.49,93.57,2022,11,34.23051328814014,31.295110695713696,68.4578752374733,6.912456106603558,3.1155116914287273,353.7809284152173,7.007519399580003,0,13,5,Low,11,5,1,No,442,27,0,0.29,1
Manipur,Imphal East,24.5,94.06,2022,11,37.21509305931378,30.204064633137165,51.784114996864254,6.437419675480495,1.4880893385147957,405.04531844519323,14.994236668559637,0,6,8,Low,4,1,1,No,531,54,0,0.27,0
Manipur,Thoubal,24.4,93.59,2022,11,10.635976847841434,28.311240815915806,43.30598568810607,7.8273181738854785,2.5624799233165945,527.1286262127014,18.793946773863425,2,7,5,Low,11,2,3,No,789,47,0,0.25,0
Manipur,Bishnupur,24.38,93.46,2022,11,14.637104952334273,24.934937580958792,58.87637520413989,6.90641185132119,1.5001252372129747,322.05573732620684,18.861774068323204,0,11,4,Low,10,2,0,No,796,28,0,0.26,0
Manipur,Kakching,24.3,93.59,2022,11,16.797460221027926,27.869002529355324,55.774287881201744,7.3961153377772835,0.348718576376267,459.2533719587244,14.413802052819873,0,20,2,Low,10,2,1,No,409,20,0,0.22,1
Manipur,Churachandpur,24.2,93.41,2022,11,36.991304032101375,23.622495687088257,55.17317752083981,7.151637949953976,2.1696959246034337,285.1281265423801,10.849332947097704,0,10,2,Low,5,3,2,No,402,51,0,0.27,0
Meghalaya,East Jaintia Hills,25.3947,92.2622,2022,12,69.25424192127568,15.57939427928003,56.848506636858815,2.8393597999297486,8.741966715138435,1119.5811720392817,167.6311364676017,0,37,1,Low,45,36,14,Yes,104,88,0,0.96,1
Meghalaya,West Jaintia Hills,25.4525,92.2053,2022,12,54.9526894525921,19.949155352911127,65.04836812748245,3.6426877218879024,12.761111685766402,1482.8374051960118,206.1363950506768,0,25,4,Low,43,26,21,Yes,430,80,0,1.14,1
Meghalaya,East Khasi Hills,25.5788,91.8933,2022,12,49.706010617419956,19.31311684296769,62.78488515384957,6.172919506502198,2.444983298455891,159.76307165761753,40.910942727324766,0,9,8,Low,13,4,3,No,203,86,0,0.4,1
Meghalaya,Ri Bhoi,25.9304,92.0789,2022,12,75.809214827527,30.1948330307954,65.44159394024071,5.987253864900083,2.443221227156634,303.26388366908714,31.373810976289143,0,11,5,Low,6,4,1,No,448,92,0,0.4,1
Meghalaya,South West Khasi Hills,25.3047,90.9789,2022,12,57.9893874520437,21.62850199442779,65.09735745826325,6.164225739553858,1.8469156682602177,396.7794469003426,23.989921575016957,0,6,5,Low,11,3,5,No,110,81,0,0.34,0
Manipur,Imphal West,24.49,93.57,2022,12,15.987686894256871,20.464638562093192,71.84709032522666,7.467485336181885,1.403170811884287,289.2147180443489,5.62635859719296,0,15,4,Low,6,1,0,No,549,54,0,0.23,1
Manipur,Imphal East,24.5,94.06,2022,12,26.768908080435104,27.63741497211862,49.935840709869304,7.178037433522439,3.087453550694166,417.5245194032561,5.341880114115625,0,11,4,Low,8,3,3,No,337,33,0,0.25,0
Manipur,Thoubal,24.4,93.59,2022,12,37.80969637093601,21.95747816851819,58.65872813896717,7.7238801821206895,2.628052663082836,411.4583690616074,17.981837412086797,1,13,4,Low,10,5,1,No,476,29,0,0.29,1
Manipur,Bishnupur,24.38,93.46,2022,12,41.53412175136695,30.690667468495214,60.992334462176174,7.005159678850222,2.687010709448197,518.6461037330324,5.542880540750467,1,12,1,Low,15,7,2,No,373,47,0,0.27,0
Manipur,Kakching,24.3,93.59,2022,12,59.701128501660286,24.358969693390414,65.13892473640142,6.189591207707027,0.6224236199353332,570.0134910399937,23.69832625985225,0,9,4,Low,10,4,1,No,223,47,0,0.32,0
Manipur,Churachandpur,24.2,93.41,2022,12,31.279261030998605,28.951291820791354,64.74292946194493,7.706952907607477,4.231688322776616,467.52972093774497,15.701575511869665,0,3,1,Low,12,2,2,No,568,22,0,0.32,0
Meghalaya,East Jaintia Hills,25.3947,92.2622,2023,1,70.3868653449737,25.334549587214767,70.22273227456925,3.6353963238551716,13.375525926798876,786.6876902911087,221.673282502782,0,38,2,Low,36,36,34,Yes,255,92,0,1.22,1
Meghalaya,West Jaintia Hills,25.4525,92.2053,2023,1,9.888476541605186,20.679321328236234,78.49276908817751,3.4351809306089605,14.8881556906083,798.206734847252,152.62854774696618,0,39,2,Low,49,38,28,Yes,331,92,0,0.99,1
Meghalaya,East Khasi Hills,25.5788,91.8933,2023,1,33.50775980469956,19.137948058059084,56.52959881401744,7.360749605924964,2.338974945372506,248.50612935667277,15.433023849767537,0,9,1,Low,9,4,1,No,137,74,0,0.28,0
Meghalaya,Ri Bhoi,25.9304,92.0789,2023,1,56.77987027618839,22.979828372688015,61.356263550002076,7.037316742783396,3.70759182197462,417.82528475480024,24.081359127783564,0,6,3,Low,9,9,4,No,418,86,0,0.36,0
Meghalaya,South West Khasi Hills,25.3047,90.9789,2023,1,46.958734366775005,24.60007642447268,68.77670680504507,6.100512455658395,3.2957256262707504,299.9318590556805,12.10481160889687,0,9,4,Low,8,5,5,No,349,86,0,0.33,0
Manipur,Imphal West,24.49,93.57,2023,1,28.952844147334694,24.67765278173146,58.93295732640939,8.098034164625842,2.400576771427786,454.38297064032383,17.66324438240932,0,11,2,Low,6,4,4,No,798,46,0,0.27,0
Manipur,Imphal East,24.5,94.06,2023,1,8.956400256623901,25.704190907229226,67.02748060932765,7.982844808513047,2.0775837211345705,291.4732060214451,9.010984050613322,1,8,1,Low,4,1,3,No,332,26,0,0.23,0
Manipur,Thoubal,24.4,93.59,2023,1,24.139415791313574,29.240648214021768,47.84792219737102,6.85961146079135,2.090732134402219,434.3804323535882,14.082442202109704,0,8,2,Low,5,2,1,No,367,41,0,0.26,0
Manipur,Bishnupur,24.38,93.46,2023,1,25.1543644684049,23.735929576688676,57.06210399360571,7.510673369984551,2.9481429504720493,369.4045568468408,8.817608567038256,1,12,7,Low,9,4,1,No,495,55,0,0.26,1
Manipur,Kakching,24.3,93.59,2023,1,49.11660341773355,25.005349123313827,55.17900556308354,6.67039414581355,1.4997389834133243,348.38833581285655,25.62278114914507,0,7,5,Low,7,3,1,No,627,58,0,0.32,0
Manipur,Churachandpur,24.2,93.41,2023,1,22.117044598423547,23.30366160427773,66.48503048532801,6.111524513853028,3.3332429887058135,317.1804524310671,11.405229105723675,0,11,1,Low,5,4,2,No,581,21,0,0.3,0
Meghalaya,East Jaintia Hills,25.3947,92.2622,2023,2,35.709258780439015,16.848467379594325,70.83829437245912,3.5454000412444975,6.06822437830029,869.2038052306965,212.97575880227143,0,29,3,Low,53,30,28,Yes,164,81,0,1.02,1
Meghalaya,West Jaintia Hills,25.4525,92.2053,2023,2,19.34632058152532,25.88977599167204,55.97127461522372,4.198229931575688,16.815021424030384,455.7844958079061,182.07982122435558,0,26,2,Low,42,35,29,Yes,240,81,0,1.1,1
Meghalaya,East Khasi Hills,25.5788,91.8933,2023,2,25.500002226798987,24.668980589716966,74.51381169004628,6.785891060531385,4.364326244170867,366.2536033398613,11.771440984815676,0,7,2,Low,12,8,1,No,186,79,0,0.33,0
Meghalaya,Ri Bhoi,25.9304,92.0789,2023,2,49.11988910116348,21.94272222913691,62.27590364231058,6.591245963242484,0.9693574292738965,301.19259807714764,16.792536113654418,0,6,1,Low,10,3,4,No,190,70,0,0.29,0
Meghalaya,South West Khasi Hills,25.3047,90.9789,2023,2,30.91085974694494,24.817344839416315,72.72261333728902,7.726020022406835,2.5822169874863814,190.2389017724273,16.383718906274545,0,10,3,Low,9,4,0,No,263,88,0,0.29,0
Manipur,Imphal West,24.49,93.57,2023,2,50.58406974911987,22.981284003971794,61.13635583064436,7.531420546510817,2.8931883472072517,464.1894122858638,9.851518801834697,0,9,3,Low,7,3,3,No,259,55,0,0.29,0
Manipur,Imphal East,24.5,94.06,2023,2,22.73974314566873,23.2090192347372,63.2774827499724,7.946501552221602,1.839869860402063,461.8360566259665,22.27800239628649,1,8,0,Low,7,2,2,No,403,38,0,0.28,0
Manipur,Thoubal,24.4,93.59,2023,2,34.99078994377782,24.257992108310745,49.33481593218233,7.366615267495011,3.2991498205476675,466.7548080369996,11.429674410089106,0,9,5,Low,8,2,2,No,200,24,0,0.28,0
Manipur,Bishnupur,24.38,93.46,2023,2,47.6762897634558,24.578339543492707,65.67528784469285,6.88437943187965,2.599450686321704,438.5710840531452,10.95054950455296,0,10,6,Low,12,3,0,No,599,41,0,0.3,1
Manipur,Kakching,24.3,93.59,2023,2,23.53741111738696,26.602841094850383,70.84901279676977,7.6782793632121775,2.5790853730734478,453.27307877595416,16.076152158232166,0,10,5,Low,8,2,2,No,660,42,0,0.28,0
Manipur,Churachandpur,24.2,93.41,2023,2,19.097715794170966,23.33414169219689,58.71552312398562,7.4139813132763175,3.7230747176462495,563.9256516741752,5.386141139688318,0,16,4,Low,9,0,1,No,444,51,0,0.26,1
Meghalaya,East Jaintia Hills,25.3947,92.2622,2023,3,71.71965788890651,25.0003141232557,62.26682643481283,5.254882092488057,6.595524586267546,700.0320805196671,213.9874000349992,0,22,0,Low,47,25,32,Yes,354,92,0,1.03,1
Meghalaya,West Jaintia Hills,25.4525,92.2053,2023,3,69.72167782955422,25.05253563130216,64.45363882167888,4.127244830600286,16.854151046681046,547.2238341851778,248.4012537935292,0,33,1,Low,40,31,24,Yes,311,80,0,1.36,1
Meghalaya,East Khasi Hills,25.5788,91.8933,2023,3,67.20365276790314,24.533644618547022,71.48208035500267,7.162540522223754,4.526812663577266,490.255820522956,48.65212023085962,0,12,0,Low,10,4,3,No,273,76,0,0.47,0
Meghalaya,Ri Bhoi,25.9304,92.0789,2023,3,31.96014701113605,26.352523174708672,49.51656032228955,7.465216172189408,2.8794128115265303,165.98751043452143,15.14321255424953,0,1,1,Low,9,4,7,No,193,79,0,0.28,0
Meghalaya,South West Khasi Hills,25.3047,90.9789,2023,3,36.217764045564195,31.93181773844039,68.74152083087108,7.385550985834779,1.7434346640545646,428.92030514068733,16.818414983820713,0,13,2,Low,11,6,0,No,240,85,0,0.28,0
Manipur,Imphal West,24.49,93.57,2023,3,39.01099522718388,32.41672410841852,68.96773618891503,7.687911668644282,2.0088577036688955,258.44759330862934,19.889361361055688,1,7,2,Low,8,1,3,No,273,36,0,0.3,0
Manipur,Imphal East,24.5,94.06,2023,3,13.907365602560468,37.03400968591029,52.672305970400174,7.553761506833053,0.0,368.56780887794974,14.552532963230659,0,10,3,Low,7,3,1,No,393,33,0,0.2,0
Manipur,Thoubal,24.4,93.59,2023,3,7.845990990950487,29.105683784352603,49.054582336596766,7.127555798834552,1.0503154266757448,396.1775798842936,9.688105164602586,1,12,4,Low,10,2,0,No,665,31,0,0.21,1
Manipur,Bishnupur,24.38,93.46,2023,3,38.16129423274769,30.136227379139644,39.533755781647145,7.13929879996597,0.778355720222204,186.2569237463549,14.45657539431287,0,7,5,Low,7,0,1,No,567,20,0,0.23,0
Manipur,Kakching,24.3,93.59,2023,3,45.96174080634307,32.36722560419973,67.62541003463483,6.885389663576319,1.2932932316269943,270.6877749595029,15.419362508804667,0,8,2,Low,7,3,3,No,201,20,0,0.29,0
Manipur,Churachandpur,24.2,93.41,2023,3,31.361863544506605,32.58918234375814,46.25634149024154,6.997230042966461,3.420618292774008,387.55692158561897,22.196467419177345,0,14,3,Low,7,0,2,No,511,49,0,0.31,1
Meghalaya,East Jaintia Hills,25.3947,92.2622,2023,4,58.49796299811631,28.012125873469483,73.64576399109589,3.699069663001103,12.148734035859551,1029.8818587332494,261.2194643401452,0,36,5,Low,43,34,25,Yes,316,77,0,1.31,1
Meghalaya,West Jaintia Hills,25.4525,92.2053,2023,4,32.22280603928651,24.957507345619096,63.72201201606731,3.771180714934609,13.838632486002636,802.1091423482051,257.01252763356024,0,39,3,Low,54,30,33,Yes,139,80,0,1.29,1
Meghalaya,East Khasi Hills,25.5788,91.8933,2023,4,26.3953653159926,21.73828776874378,77.52883236014928,7.468996185743574,2.6560966202338117,251.15786640436198,4.4880616335174714,0,8,3,Low,8,4,4,No,267,94,0,0.26,0
Meghalaya,Ri Bhoi,25.9304,92.0789,2023,4,34.935924368180586,26.36973871067045,64.09126270638428,7.431927969548194,3.2625028908518336,221.58361416401672,15.29244900875218,0,10,3,Low,11,7,7,No,143,94,0,0.3,0
Meghalaya,South West Khasi Hills,25.3047,90.9789,2023,4,72.4237628513981,26.660070859556182,61.812437800085064,7.106134905052696,1.4405642208737746,192.22792542083982,23.431585541974165,0,6,3,Low,7,6,5,No,391,76,0,0.33,0
Manipur,Imphal West,24.49,93.57,2023,4,7.4118526898654835,28.57534237235098,69.51093742349629,6.850187100642172,2.6616624653847274,257.44846286978594,18.176906906094203,0,8,2,Low,3,4,0,No,761,38,0,0.29,0
Manipur,Imphal East,24.5,94.06,2023,4,24.591858118987407,25.66665007326396,58.485229934613955,7.0677594328888524,2.6263969330962396,458.82204499006986,14.991856937709716,1,7,2,Low,8,5,0,No,688,42,0,0.28,0
Manipur,Thoubal,24.4,93.59,2023,4,39.28656114923652,28.241169970403252,62.84433210665915,7.294525813022187,2.7590255206309258,339.1541213501488,17.58497904820444,1,8,5,Low,9,3,4,No,667,28,0,0.31,0
Manipur,Bishnupur,24.38,93.46,2023,4,16.994351587179793,32.52182013835015,58.49818381136093,6.787354019584568,1.5070817250507478,198.97833454339371,8.380244578902186,0,11,2,Low,6,7,5,No,283,50,0,0.23,0
Manipur,Kakching,24.3,93.59,2023,4,31.310871433801825,37.7507209804997,59.87156768601131,6.534886872179332,0.010053730178875231,433.237683351961,13.117887227059024,1,9,4,Low,11,2,4,No,544,54,0,0.24,0
Manipur,Churachandpur,24.2,93.41,2023,4,34.74101804594927,27.215202484032012,49.084233171061754,7.604828765074121,2.2307117490749624,410.1788333707328,16.531737669660114,1,7,3,Low,11,10,3,No,721,36,0,0.27,0
Meghalaya,East Jaintia Hills,25.3947,92.2622,2023,5,47.07038658543677,24.8264901441693,73.05128832021244,3.7086134539864504,12.10893950890123,859.0281958674833,196.76138701010618,0,30,3,Low,39,43,20,Yes,161,77,0,1.1,1
Meghalaya,West Jaintia Hills,25.4525,92.2053,2023,5,51.85871305365956,25.21746944587042,71.51573386198805,3.671543144329958,14.14006752295911,1152.3340464273756,191.43583377679064,0,31,2,Low,42,34,26,Yes,329,87,0,1.13,1
Meghalaya,East Khasi Hills,25.5788,91.8933,2023,5,65.57254729284315,28.158047362930247,56.02196016965678,6.013251437992785,3.3376125925551854,367.5751881509204,3.7848990841116716,0,9,4,Low,10,7,2,No,385,90,0,0.31,0
Meghalaya,Ri Bhoi,25.9304,92.0789,2023,5,23.20495492627988,22.513711530534117,64.90773887044215,6.361866325409438,3.847801024129319,379.10088248495884,7.006492272695848,0,9,5,Low,10,0,4,No,205,70,0,0.3,0
Meghalaya,South West Khasi Hills,25.3047,90.9789,2023,5,26.585124451475572,24.7320702152534,71.48654978987568,7.684201167667209,3.662305645728229,303.80438101897994,37.10754943092355,0,9,1,Low,4,5,3,No,374,83,0,0.37,0
Manipur,Imphal West,24.49,93.57,2023,5,45.473155617775525,31.624992073547816,60.45947248238108,6.207210003239703,3.305887694300174,529.229194868142,12.876031796046359,0,10,4,Low,7,3,3,No,601,51,0,0.32,0
Manipur,Imphal East,24.5,94.06,2023,5,0.0,30.521841625238434,63.44807753704061,6.890912478949915,0.38082694348413515,462.9739514408738,13.67039962902224,0,10,2,Low,7,3,1,No,529,37,0,0.21,0
Manipur,Thoubal,24.4,93.59,2023,5,38.35312083552218,27.713599654457706,56.926546674344195,8.492987587841949,2.41905073475346,461.3265544661144,20.68888390334331,1,10,2,Low,7,3,0,No,532,39,0,0.28,0
Manipur,Bishnupur,24.38,93.46,2023,5,38.19109757712401,35.11865792407618,56.2743773227274,6.317755515171548,0.7699699240779805,345.7132405247463,13.218014963396975,0,15,0,Low,5,1,3,No,611,51,0,0.26,0
Manipur,Kakching,24.3,93.59,2023,5,51.98032061292926,27.688725602586363,72.93635939617346,7.771680765102914,2.1848586540603647,425.2194854234287,5.148457093242996,0,6,3,Low,14,0,0,No,608,24,0,0.27,0
Manipur,Churachandpur,24.2,93.41,2023,5,16.152387067920074,33.454438782611525,64.29317262776743,7.365308747801468,2.809768308345471,481.66121536347003,19.94973356089315,0,15,3,Low,10,1,1,No,571,22,0,0.29,1
Meghalaya,East Jaintia Hills,25.3947,92.2622,2023,6,303.61686140459847,20.799786296794785,95.0,3.4169500124776264,9.09769757383959,1118.4049797152168,341.22620306801014,0,100,2,Low,47,45,26,Yes,420,91,1,1.86,1
Meghalaya,West Jaintia Hills,25.4525,92.2053,2023,6,206.5707754166632,28.323163287947345,83.35812370291599,3.95328171871418,18.221552500541,829.2951223306636,452.3323782728589,0,45,4,Low,50,42,11,Yes,317,71,1,2.25,1
Meghalaya,East Khasi Hills,25.5788,91.8933,2023,6,235.95277261215156,19.358693367810755,86.46414421793342,6.015305202312658,2.3631176110610426,320.71394367785683,35.214537056962975,0,30,3,Low,9,8,2,No,239,94,1,0.69,1
Meghalaya,Ri Bhoi,25.9304,92.0789,2023,6,334.123870361438,26.977041508416328,82.78720899099332,6.726812795525259,2.8748892612997725,343.36137950886405,33.976667605134864,0,10,0,Low,10,8,2,No,386,76,1,0.78,0
Meghalaya,South West Khasi Hills,25.3047,90.9789,2023,6,307.5738005992003,26.173170723235742,82.88392350065854,6.576502033992759,4.611114982411957,362.8964108040528,13.013798905171932,0,17,3,Low,15,4,3,No,251,77,1,0.73,1
Manipur,Imphal West,24.49,93.57,2023,6,262.81356666281397,28.47886404278245,72.09847180191974,7.470051393564865,6.401305100053949,451.21445264962364,69.29502905687197,3,30,7,High,5,2,0,No,377,59,1,0.86,1
Manipur,Imphal East,24.5,94.06,2023,6,239.09982631199773,28.68662789180231,79.14900278060801,6.747597700099401,4.6688587654360765,593.09842071211,78.73711319590514,3,27,7,High,6,3,4,No,582,49,1,0.85,1
Manipur,Thoubal,24.4,93.59,2023,6,133.7953905923775,27.288200518771287,85.07571919970243,7.784822511060218,0.983351990428317,456.902600552743,91.19158595588522,2,32,8,High,6,1,2,No,265,59,1,0.7,1
Manipur,Bishnupur,24.38,93.46,2023,6,160.83203959860057,27.18565361212357,82.6043340293869,6.77681555582473,2.8471996653486324,349.2578000551244,97.74193405571516,2,27,8,High,7,1,2,No,728,33,1,0.8,1
Manipur,Kakching,24.3,93.59,2023,6,302.6266692119172,27.555361012244582,74.47147324549688,7.4940396145645805,0.0,425.24633653464673,85.9925214385562,2,25,11,High,6,3,2,No,761,35,1,0.83,1
Manipur,Churachandpur,24.2,93.41,2023,6,181.84390470626337,26.725086951364773,83.68206872268007,7.604205588466349,4.7408377778160355,563.4551692076965,73.32597510621909,0,21,9,High,5,4,4,No,460,58,1,0.77,1
Meghalaya,East Jaintia Hills,25.3947,92.2622,2023,7,315.86368269715626,22.16467340166094,95.0,3.2985223157365193,11.345671899081395,771.5030836856408,381.71975675936324,0,75,1,Low,41,33,25,Yes,350,73,1,2.04,1
Meghalaya,West Jaintia Hills,25.4525,92.2053,2023,7,230.21601423515932,18.692976667142943,80.8768221804807,4.330069646209253,12.137575968927864,968.5464338421851,429.3690336850415,0,77,4,Low,43,44,18,Yes,186,76,1,2.08,1
Meghalaya,East Khasi Hills,25.5788,91.8933,2023,7,88.64357931652256,21.129414890979973,89.27041311470079,7.504072617306859,2.825779497679459,144.51352518652408,17.645396739190492,0,17,4,Low,10,7,4,No,439,90,1,0.48,1
Meghalaya,Ri Bhoi,25.9304,92.0789,2023,7,315.2507953851465,25.939933038569116,83.09534940893754,6.938712287872804,2.909124763137033,199.57283219866804,39.46758095399735,0,32,2,Low,10,5,4,No,404,86,1,0.78,1
Meghalaya,South West Khasi Hills,25.3047,90.9789,2023,7,384.9733958070928,25.042861635651967,83.38242526607772,7.255472201919737,4.612978170593054,372.9236949310753,38.33656456130761,0,12,1,Low,9,9,4,No,184,83,1,0.87,0
Manipur,Imphal West,24.49,93.57,2023,7,332.64010177170053,24.59042818841977,77.85481375953667,7.076022896336055,4.040063707702547,348.40190106509203,88.3374612518008,11,30,9,High,8,3,1,No,415,58,1,0.96,1
Manipur,Imphal East,24.5,94.06,2023,7,239.72923781221604,24.58154720159481,79.66943803023996,7.395849008005237,4.821593404616664,561.029298048287,61.208696654920836,14,17,5,High,16,1,2,No,213,36,1,0.79,1
Manipur,Thoubal,24.4,93.59,2023,7,141.50228029002915,30.160651081800882,70.6872405511068,7.515572354642428,3.4682807147810806,485.48990367382083,68.10037141581658,6,13,9,High,4,3,1,No,316,48,1,0.68,1
Manipur,Bishnupur,24.38,93.46,2023,7,213.4722052087015,29.620094234800106,82.43076475427677,7.593321469573082,5.489678408199906,527.5205736432445,67.78876601141236,14,28,9,High,12,2,1,No,222,32,1,0.8,1
Manipur,Kakching,24.3,93.59,2023,7,226.6822501786421,28.989409336100447,88.62519294899008,7.645645105894414,7.4415658347378635,234.33950815156078,117.28540735771344,1,20,6,High,6,3,1,No,623,40,1,1.01,1
Manipur,Churachandpur,24.2,93.41,2023,7,272.65273968694686,27.70569466844562,87.32256285528415,6.770459078129389,6.6498477703519905,417.4512496183925,90.31809974397197,0,21,12,High,9,7,4,No,351,46,1,0.97,1
Meghalaya,East Jaintia Hills,25.3947,92.2622,2023,8,257.9777063224088,29.241308944873776,92.11976922770583,3.4766618406187515,15.696598153647798,1022.1822289468867,249.91979847378252,0,60,2,Low,52,37,25,Yes,487,70,1,1.66,1
Meghalaya,West Jaintia Hills,25.4525,92.2053,2023,8,134.8107777853087,23.800688465670827,91.1090234248835,3.625716626962028,14.988809417629094,586.5132134079001,274.0935088551807,0,87,1,Low,49,38,28,Yes,303,90,1,1.6,1
Meghalaya,East Khasi Hills,25.5788,91.8933,2023,8,219.57478992022118,26.04067841104628,88.00114733801738,6.317908497414945,3.301969489514126,146.1328927067406,48.02866473888756,0,30,2,Low,12,2,5,No,286,82,1,0.73,1
Meghalaya,Ri Bhoi,25.9304,92.0789,2023,8,232.7798343363777,26.413033695476674,83.0061145608444,6.359907573740389,3.226163912324194,322.58041934068166,27.510917824802227,0,17,4,Low,12,2,6,No,382,77,1,0.67,1
Meghalaya,South West Khasi Hills,25.3047,90.9789,2023,8,279.2975823730223,19.205849005171935,78.04761503279705,6.652787957584726,2.9459933972524697,350.45780561876575,56.40957239166194,0,25,6,Low,9,8,1,No,233,72,1,0.79,1
Manipur,Imphal West,24.49,93.57,2023,8,339.1395473108463,29.90630724375835,75.32580165713794,6.854529599228053,3.4576735745630334,466.86161119129304,90.76930073555462,8,27,6,High,5,5,1,No,426,42,1,0.96,1
Manipur,Imphal East,24.5,94.06,2023,8,181.29414716837846,28.49608128579161,78.97353702974303,6.991105275460468,5.0840264591069495,445.09728107517077,109.45260501326115,4,27,7,High,12,1,4,No,319,27,1,0.89,1
Manipur,Thoubal,24.4,93.59,2023,8,285.10428066304485,26.5673041217282,83.05810000556355,7.816695966204691,9.486487926460708,290.9969504526354,76.32612067246814,7,23,9,High,3,2,2,No,246,37,1,0.98,1
Manipur,Bishnupur,24.38,93.46,2023,8,270.2205880539394,30.330739707532217,81.44119613544282,7.493365641777518,4.745165493804735,474.4403448380513,67.5490730297656,2,24,5,High,13,2,0,No,788,31,1,0.84,1
Manipur,Kakching,24.3,93.59,2023,8,245.74555429627725,25.368958338256647,86.01389114662783,7.205205254970849,6.468440543327568,492.93488172675535,94.62473002123399,0,31,3,High,5,3,1,No,314,55,1,0.94,1
Manipur,Churachandpur,24.2,93.41,2023,8,164.94438844787726,27.60594054840181,77.5988004208668,7.245732033511984,4.187344778337481,457.12214874595753,126.00441947257184,1,35,6,High,4,4,3,No,699,48,1,0.9,1
Meghalaya,East Jaintia Hills,25.3947,92.2622,2023,9,267.47784599174713,28.857229306399194,84.43257304581685,2.2286629723909357,9.98727183805239,1043.8986045133258,545.3668174073952,0,65,0,Low,47,33,24,Yes,301,90,1,2.46,1
Meghalaya,West Jaintia Hills,25.4525,92.2053,2023,9,247.24034333459062,25.82531286793729,83.97456153521533,1.253402219424776,14.211687127619522,575.1003533543376,289.8262937134886,0,92,1,Low,41,32,28,Yes,122,79,1,1.77,1
Meghalaya,East Khasi Hills,25.5788,91.8933,2023,9,336.37635171334193,25.776662547138116,84.66917032726782,6.267098644325621,3.5948543733972445,238.67881075240035,33.50760651204118,0,17,3,Low,15,6,3,No,141,71,1,0.8,1
Meghalaya,Ri Bhoi,25.9304,92.0789,2023,9,319.0185382324789,25.56382532929827,77.69848782395388,7.086235705889868,3.6509656787794413,288.2018905392622,16.86007088671272,0,22,4,Low,13,3,4,No,228,70,1,0.72,1
Meghalaya,South West Khasi Hills,25.3047,90.9789,2023,9,345.28572458479846,27.594846514034913,84.69960403551656,6.23393858478617,3.1728423106163546,346.6018230013384,42.63578316422673,0,20,1,Low,9,5,2,No,339,70,1,0.83,1
Manipur,Imphal West,24.49,93.57,2023,9,258.9647490952533,30.490082016446515,77.04590825954286,7.174245403123036,5.750719392288946,388.4811671223521,56.3382896950047,10,37,7,High,7,2,1,No,441,22,1,0.82,1
Manipur,Imphal East,24.5,94.06,2023,9,283.58194385325857,27.30649177169502,85.80129237304132,7.91851294906737,1.5599701012013005,507.74375455856716,102.9441137515262,8,24,4,High,10,5,3,No,634,43,1,0.9,1
Manipur,Thoubal,24.4,93.59,2023,9,203.53177743675752,26.452791668803442,72.9481347277573,6.7233257193425215,2.227063071553752,482.90653201657733,85.65893141484817,11,26,9,High,6,3,3,No,282,53,1,0.78,1
Manipur,Bishnupur,24.38,93.46,2023,9,169.99278428843522,30.18240602445175,71.18188918088354,7.5314700345319405,6.39682609214854,429.14423710788407,90.87743165176786,7,17,6,High,9,5,2,No,208,59,1,0.83,1
Manipur,Kakching,24.3,93.59,2023,9,232.50009708599228,29.473393460582564,92.0019913896871,7.050780658400978,4.362472622267495,427.5418835370214,70.76072968163271,2,30,7,High,6,1,2,No,604,28,1,0.82,1
Manipur,Churachandpur,24.2,93.41,2023,9,350.4562459642678,25.974628873263015,75.49539440722924,6.320020558925375,4.108409372346366,349.62776631705464,90.51874560509302,0,20,4,High,11,1,1,No,723,54,1,0.99,1
Meghalaya,East Jaintia Hills,25.3947,92.2622,2023,10,54.87781883240902,25.654983782959338,73.00656398214731,2.8218982300024926,19.09297309171607,984.3872756015234,242.57049683813273,0,33,6,Low,43,35,27,Yes,311,77,0,1.4,1
Meghalaya,West Jaintia Hills,25.4525,92.2053,2023,10,15.907560836457684,30.470269553686933,64.33493179422805,4.256506742054103,17.521825328592048,691.740181007552,101.15892155262047,0,20,1,Low,37,38,18,Yes,124,78,0,0.87,1
Meghalaya,East Khasi Hills,25.5788,91.8933,2023,10,40.0956980399053,26.469056477197903,65.06419393487414,6.511731724210057,3.3563799926798232,231.56605424601779,8.958188572612348,0,7,4,Low,7,8,0,No,327,86,0,0.31,0
Meghalaya,Ri Bhoi,25.9304,92.0789,2023,10,74.08174799154989,28.523993346626092,74.69786893941182,7.840824394282153,4.3593305349216145,219.3049095534464,23.92603331057293,0,5,1,Low,9,5,3,No,120,70,0,0.4,0
Meghalaya,South West Khasi Hills,25.3047,90.9789,2023,10,13.147637161687697,29.002596829515298,64.7509156934778,6.112370259509405,2.0660080403630436,348.91686338368703,14.536737356880884,0,9,0,Low,17,6,1,No,391,92,0,0.28,0
Manipur,Imphal West,24.49,93.57,2023,10,37.09222604891749,30.498421839234993,38.22036687206449,6.6251292723160535,2.324345711194924,296.3670803161837,10.722586520372094,2,9,3,Low,9,2,3,No,398,49,0,0.26,0
Manipur,Imphal East,24.5,94.06,2023,10,25.895585844100978,29.49364578775215,48.05448150232855,7.341565411159762,1.897943609371152,152.3207933122913,17.50545004654386,3,11,3,Low,11,5,2,No,697,20,0,0.26,1
Manipur,Thoubal,24.4,93.59,2023,10,51.82124303055883,31.640669110355052,75.04608916962118,7.499050889880578,2.1310491639611735,496.92032217790023,2.7842734738463406,1,10,3,Low,12,1,2,No,301,34,0,0.27,0
Manipur,Bishnupur,24.38,93.46,2023,10,29.942065818122078,35.22540314231088,65.34994722097116,7.405327180667826,0.7653259521874669,344.59192036597744,5.737214326202697,1,12,3,Low,10,3,0,No,312,49,0,0.22,1
Manipur,Kakching,24.3,93.59,2023,10,28.601939468891196,32.273585905309126,54.24470229738559,7.063067603296479,1.6449695928565002,328.3973375788935,16.16149994137185,1,6,6,Low,9,4,4,No,797,37,0,0.26,0
Manipur,Churachandpur,24.2,93.41,2023,10,52.45161789083694,28.438791029281646,55.63021052427115,6.774482739145217,0.9300574486048827,294.84687664153046,5.741176268647909,0,10,6,Low,9,2,3,No,432,45,0,0.25,1
Meghalaya,East Jaintia Hills,25.3947,92.2622,2023,11,64.85053914371954,27.352208891950838,59.19554493592425,2.898445070667962,6.224845447306649,810.1515760971072,251.28637144792177,0,38,2,Low,59,31,21,Yes,479,91,0,1.16,1
Meghalaya,West Jaintia Hills,25.4525,92.2053,2023,11,51.58589906340272,29.98982283411108,52.587173291211,3.7263485047052205,16.65534237882469,872.5927200605271,173.54569656383146,0,31,0,Low,30,34,29,Yes,406,76,0,1.1,1
Meghalaya,East Khasi Hills,25.5788,91.8933,2023,11,47.40263346505442,27.868077771388375,61.96360372185859,6.3626442083953085,3.483366940824098,465.2502964092954,25.626198787348628,0,11,2,Low,6,8,1,No,403,86,0,0.37,0
Meghalaya,Ri Bhoi,25.9304,92.0789,2023,11,27.935274431288036,22.698144387995203,60.32218371381734,7.918924629584291,0.7954594938321917,379.8585702643442,6.802000392198211,0,10,4,Low,12,6,6,No,393,84,0,0.21,0
Meghalaya,South West Khasi Hills,25.3047,90.9789,2023,11,83.9377963916128,21.515916722123926,80.9202361081534,6.85694878599924,5.917032771208657,347.8846867832576,20.18490058947156,0,12,1,Low,15,5,1,No,233,90,0,0.45,0
Manipur,Imphal West,24.49,93.57,2023,11,49.69032267674473,29.229914915626836,69.93949829220553,7.727446206275873,2.9440421481490846,282.3334842614513,21.253540591345757,0,11,3,Low,4,2,4,No,465,31,0,0.33,0
Manipur,Imphal East,24.5,94.06,2023,11,29.446558603609294,30.80201484025935,62.12338144998382,7.240403069353619,1.7609847502620795,293.59058485728997,9.737241053265633,1,8,4,Low,12,4,1,No,420,55,0,0.25,0
Manipur,Thoubal,24.4,93.59,2023,11,34.48243202117794,27.478736135224292,63.34925144522292,6.949038100186003,2.322882801629237,370.9146130890664,14.012744842212022,0,6,5,Low,8,5,1,No,367,28,0,0.29,0
Manipur,Bishnupur,24.38,93.46,2023,11,40.085894548213126,34.38712245427028,74.74652836900768,6.033880742401839,1.6914610287109608,265.3256481481461,19.692144287900923,0,14,0,Low,7,3,4,No,560,37,0,0.32,0
Manipur,Kakching,24.3,93.59,2023,11,30.059752224361254,31.62213418999701,56.76123572776233,6.948864640214068,2.47923983905763,437.4805497273437,4.6971672824696,1,10,6,Low,14,6,0,No,448,24,0,0.25,1
Manipur,Churachandpur,24.2,93.41,2023,11,35.0411311875802,31.498676724747607,64.00090263696693,7.642221218690869,2.2881500415402547,435.88480726789186,20.944031205965782,0,8,5,Low,13,3,1,No,431,39,0,0.3,0
Meghalaya,East Jaintia Hills,25.3947,92.2622,2023,12,36.69908163993776,15.559675020884523,70.87332081643015,2.7935120436106065,20.79794949071738,571.128726706609,169.97336842235313,0,30,4,Low,44,31,23,Yes,425,83,0,1.19,1
Meghalaya,West Jaintia Hills,25.4525,92.2053,2023,12,31.156922896207966,19.19396130644332,66.54426103065958,2.775536706016011,14.922330759822906,475.5814043659064,195.87313871949416,0,33,1,Low,48,43,23,Yes,259,71,0,1.14,1
Meghalaya,East Khasi Hills,25.5788,91.8933,2023,12,63.1450755602598,24.533542535054387,80.56994813919607,6.900754564099546,3.462830073226668,197.6881870388305,13.902313711103247,0,11,5,Low,14,3,3,No,330,87,0,0.36,1
Meghalaya,Ri Bhoi,25.9304,92.0789,2023,12,65.50483983728118,19.28183499836649,67.59421233983096,7.000234233348515,2.2070395549135724,268.9884169220774,30.437189455424534,0,12,7,Low,15,3,4,No,375,71,0,0.37,1
Meghalaya,South West Khasi Hills,25.3047,90.9789,2023,12,68.66167154130362,19.29763429157319,67.51164549416498,5.984274466492692,4.229520442752546,316.43126581179826,14.793076654575401,0,9,3,Low,11,6,8,No,450,85,0,0.38,0
Manipur,Imphal West,24.49,93.57,2023,12,31.470868687018157,30.09936019306372,67.30012691534469,7.520493305592617,1.1408137021395484,327.2987131563088,11.50484119535292,0,10,2,Low,11,2,0,No,433,29,0,0.25,0
Manipur,Imphal East,24.5,94.06,2023,12,34.612783218759134,28.100885006462548,58.765087417808935,7.483251227527609,1.6923105634930984,384.49513411483684,15.834326237208275,0,5,5,Low,11,3,2,No,534,34,0,0.27,0
Manipur,Thoubal,24.4,93.59,2023,12,31.44013901995575,24.987394253826533,61.6165960492905,8.052681178256542,1.0092630812587158,393.57962050472867,7.131854889415077,2,6,3,Low,9,2,3,No,402,34,0,0.22,0
Manipur,Bishnupur,24.38,93.46,2023,12,35.5812221800108,24.37851493271788,56.95010170181701,7.835044012627448,3.295007149938418,371.7875056862265,11.845682446582956,2,7,2,Low,6,1,3,No,495,49,0,0.28,0
Manipur,Kakching,24.3,93.59,2023,12,19.330201341801477,28.896079872980273,64.76104948731015,7.340959010375525,2.6887127445547696,460.9737723336705,22.095322066787606,1,9,2,Low,14,3,1,No,754,57,0,0.3,0
Manipur,Churachandpur,24.2,93.41,2023,12,0.7561474091095093,24.1927020439706,61.74719716328618,7.365346613328428,0.7907512455383963,314.4307799826272,10.637283116122452,0,11,1,Low,6,2,5,No,799,22,0,0.21,0
